alpha_3_code,mean_grp,mean_mic,sd_mic,n,n_studies,mean_lo,mean_hi,change_mean,change_se,ci_change_lo,ci_change_hi,mean_year,entity,who_region
ARG,1,0.02694356005788712,0.00761470724572222,691,2,0.02637480569312482,0.027512314422649422,NA,NA,NA,NA,1998,Argentina,Americas
ARG,2,0.007767441860465117,4.2746257437545847e-4,43,2,0.007635888297776001,0.007898995423154231,-0.019176118197422005,2.9692125645506347e-4,-0.019759036997004566,-0.018593199397839443,1998,Argentina,Americas
AUS,1,0.016,NA,1,1,NA,NA,NA,NA,NA,NA,1999,Australia,Western Pacific
AUS,2,0.012756410256410257,0.0032878599894191523,78,2,0.012015112370921352,0.013497708141899161,-0.0032435897435897434,NA,NA,NA,1999,Australia,Western Pacific
AUT,1,0.02776357827476038,0.005137377109495421,313,3,0.027192224214072518,0.028334932335448246,NA,NA,NA,NA,1999,Austria,Europe
AUT,2,0.02930479896238651,0.0038154457525563404,771,4,0.029035056466221128,0.029574541458551894,0.001541220687626129,3.21252286676692e-4,9.108726590827136e-4,0.0021715687161695443,1999,Austria,Europe
BEL,1,0.013072463768115942,0.003149784495801494,69,2,0.012315802914585576,0.013829124621646307,NA,NA,NA,NA,2000,Belgium,Europe
BEL,2,0.01,0,16,1,0.01,0.01,-0.0030724637681159416,3.791894935633923e-4,-0.0038266564198785177,-0.0023182711163533655,2000,Belgium,Europe
BRA,1,0.02495231607629428,0.008937282881669386,1468,3,0.024494755045260257,0.0254098771073283,NA,NA,NA,NA,2001,Brazil,Americas
BRA,2,0.004492307692307692,0.0028617936421635936,130,1,0.0039957061443408135,0.004988909240274571,-0.020460008383986587,3.426510253660271e-4,-0.021132101744376935,-0.01978791502359624,2001,Brazil,Americas
CAN,1,0.022946481665014867,7.092850818200416e-4,1009,2,0.022902664414878652,0.022990298915151083,NA,NA,NA,NA,1998,Canada,Americas
CAN,2,0.009469465648854963,0.0028642703999627603,262,3,0.009121024066105314,0.009817907231604611,-0.013477016016159905,1.783584775418831e-4,-0.013826925945021174,-0.013127106087298635,1998,Canada,Americas
CHE,1,0.008,0,114,1,0.008,0.008,NA,NA,NA,NA,2001,Switzerland,Europe
CHE,2,0.015,0,7,1,0.015,0.015,0.006999999999999999,0,0.006999999999999999,0.006999999999999999,2001,Switzerland,Europe
CHN,1,0.1165057915057915,0.02942028655370471,259,3,0.11290591875716208,0.12010566425442093,NA,NA,NA,NA,2010,China,Western Pacific
CHN,2,0.008,0,342,1,0.008,0.008,-0.10850579150579151,0.0018280876571563748,-0.11209603180957974,-0.10491555120200328,2010,China,Western Pacific
DEU,1,0.016,NA,1,1,NA,NA,NA,NA,NA,NA,1999,Germany,Europe
DEU,2,0.02398802395209581,0.0083544012036679,835,5,0.023420543502428896,0.024555504401762723,0.007988023952095809,NA,NA,NA,1999,Germany,Europe
ESP,1,0.02409449404761905,0.021325527148415815,1344,9,0.02295335174333455,0.025235636351903547,NA,NA,NA,NA,2001,Spain,Europe
ESP,2,0.026704019488428744,0.005216309884442861,4105,3,0.026544401072834917,0.02686363790402257,0.0026095254408096957,5.873712993588446e-4,0.001458042981349072,0.0037610079002703195,2001,Spain,Europe
FIN,1,0.027614525139664805,0.005568976180610503,179,3,0.026793115561376542,0.028435934717953068,NA,NA,NA,NA,2006,Finland,Europe
FIN,2,0.016333333333333335,0.00282842712474619,9,1,0.014159211784737221,0.01850745488192945,-0.01128119180633147,0.0010306059583584856,-0.013314371358465471,-0.009248012254197469,2006,Finland,Europe
FRA,1,0.014456852791878173,0.0032926857169847555,591,4,0.014190843716468771,0.014722861867287575,NA,NA,NA,NA,2000,France,Europe
FRA,2,0.014812206572769953,0.0021896931193951374,213,3,0.014516454436257709,0.015107958709282197,3.553537808917793e-4,2.0212717645358823e-4,-4.1406974132553664e-5,7.521145359161122e-4,2000,France,Europe
GBR,1,0.012096385542168674,0.003793501485854941,166,4,0.011515043952790845,0.012677727131546503,NA,NA,NA,NA,2001,United Kingdom,Europe
GBR,2,0.015004405286343612,6.637233115999726e-5,227,2,0.014995724598049855,0.01501308597463737,0.0029080197441749382,2.944657712237018e-4,0.0023290854091031167,0.0034869540792467598,2001,United Kingdom,Europe
GRC,1,0.004,0,49,1,0.004,0.004,NA,NA,NA,NA,1998,Greece,Europe
GRC,2,0.009170212765957447,0.0026158919135493954,329,2,0.008886502270976718,0.009453923260938177,0.005170212765957447,1.4421878962454703e-4,0.0048866363363984505,0.005453789195516444,1998,Greece,Europe
HKG,1,0.008,0,25,1,0.008,0.008,NA,NA,NA,NA,2001,Hong Kong,Unclassifed
HKG,2,0.015,0,26,1,0.015,0.015,0.006999999999999999,0,0.006999999999999999,0.006999999999999999,2001,Hong Kong,Unclassifed
HUN,1,0.027187214611872144,0.007363225074003083,219,2,0.026206569558028497,0.02816785966571579,NA,NA,NA,NA,2001,Hungary,Europe
HUN,2,0.015,0,315,1,0.015,0.015,-0.012187214611872145,4.975606408072204e-4,-0.013164639219171383,-0.011209790004572907,2001,Hungary,Europe
IND,1,0.02423076923076923,0.017303196219213356,78,1,0.020329501290290864,0.028132037171247595,NA,NA,NA,NA,2013,India,South-East Asia
IND,2,0.016,0,206,1,0.016,0.016,-0.008230769230769229,0.001959201169631288,-0.012087284128546916,-0.004374254332991542,2013,India,South-East Asia
ISL,1,0.0179,0.005506561742341787,10,1,0.013960843029461947,0.02183915697053805,NA,NA,NA,NA,2004,Iceland,Europe
ISL,2,0.014,0.0021908902300206644,6,2,0.011700801709516404,0.016299198290483596,-0.003899999999999999,0.0019576062480034695,-0.008098647820902558,2.986478209025612e-4,2004,Iceland,Europe
ITA,1,0.02858798586572438,0.010974536419270963,1415,4,0.028015680313790974,0.029160291417657788,NA,NA,NA,NA,1999,Italy,Europe
ITA,2,0.03820726495726495,0.022656887151575815,936,6,0.036753905779951725,0.03966062413457818,0.009619279091540572,7.95959332011704e-4,0.008058423215533036,0.011180134967548107,1999,Italy,Europe
JPN,1,0.015505332948976651,0.011639128208825995,3469,5,0.01511788087350107,0.01589278502445223,NA,NA,NA,NA,1995,Japan,Western Pacific
JPN,2,0.012170974155069583,0.004174994753369198,2515,9,0.012007727545614305,0.012334220764524862,-0.0033343587939070676,2.1443425159372247e-4,-0.0037547272588131044,-0.002913990329001031,1995,Japan,Western Pacific
MEX,1,0.010301369863013698,0.003299675768844462,146,2,0.009761632139498225,0.010841107586529172,NA,NA,NA,NA,2000,Mexico,Americas
MEX,2,0.032,0,197,1,0.032,0.032,0.0216986301369863,2.730831096774223e-4,0.021161490644504764,0.022235769629467838,2000,Mexico,Americas
NLD,1,0.013532258064516129,0.00287281059577484,62,2,0.012802700777496566,0.014261815351535692,NA,NA,NA,NA,2001,Netherlands,Europe
NLD,2,0.015,0,142,1,0.015,0.015,0.0014677419354838708,3.648473105108976e-4,7.483442597608141e-4,0.0021871396112069274,2001,Netherlands,Europe
NOR,1,0.015,0,98,1,0.015,0.015,NA,NA,NA,NA,2003,Norway,Europe
NOR,2,0.016,NA,1,1,NA,NA,0.0010000000000000009,NA,NA,NA,2003,Norway,Europe
POL,1,0.014184466019417476,0.0022567874651924324,103,3,0.013743400390911802,0.01462553164792315,NA,NA,NA,NA,2001,Poland,Europe
POL,2,0.015,0,397,2,0.015,0.015,8.155339805825234e-4,2.2236787640482844e-4,3.7863914525030506e-4,0.0012524288159147417,2001,Poland,Europe
PRT,1,0.012,0,302,1,0.012,0.012,NA,NA,NA,NA,1999,Portugal,Europe
PRT,2,0.014682352941176471,0.00297315455117596,255,2,0.014315687684741629,0.015049018197611314,0.002682352941176471,1.8618616010967513e-4,0.002316637236936447,0.0030480686454164947,1999,Portugal,Europe
SRB,1,0.03,0,3113,2,0.03,0.03,NA,NA,NA,NA,1988,Serbia,Europe
SRB,2,0.03,0,2169,1,0.03,0.03,0,0,0,0,1988,Serbia,Europe
SWE,1,0.015003436426116838,5.862103817605497e-5,291,3,0.014996672928191058,0.015010199924042619,NA,NA,NA,NA,1999,Sweden,Europe
SWE,2,0.014335877862595419,0.0020626608824670578,262,4,0.014084952942039052,0.014586802783151786,-6.675585635214192e-4,1.2747794122108778e-4,-9.179607667802565e-4,-4.171563602625818e-4,1999,Sweden,Europe
TUR,1,0.013454166666666666,0.002909726750555965,240,2,0.013084168600964686,0.013824164732368647,NA,NA,NA,NA,2008,Turkey,Europe
TUR,2,0.025563063063063062,0.02007616911018637,222,1,0.022907618280499663,0.02821850784562646,0.012108896396396396,0.001360451845434239,0.009435425592342459,0.014782367200450333,2008,Turkey,Europe
USA,1,0.013922546419098144,0.007401335389334125,1131,7,0.013490736817449243,0.014354356020747045,NA,NA,NA,NA,1991,United States,Americas
USA,2,0.015531547409235107,0.00985791918716065,2837,10,0.015168645656568542,0.01589444916190167,0.001609000990136963,2.8755659676223415e-4,0.0010452283627717164,0.0021727736175022098,1991,United States,Americas
UNCLASSIFIED,1,0.008,0,2164,3,0.008,0.008,NA,NA,NA,NA,2004,UNCLASSIFIED,Unclassifed
UNCLASSIFIED,2,0.014992907801418438,0.0029041544763985776,282,2,0.0146524856575844,0.015333329945252477,0.006992907801418438,1.7293988238020888e-4,0.006653783914429746,0.00733203168840713,2004,UNCLASSIFIED,Unclassifed
GLOBAL,1,0.021363264652503468,0.012240742389023824,18734,46,0.02118797000620049,0.021538559298806447,NA,NA,NA,NA,NA,GLOBAL,Unclassifed
GLOBAL,2,0.022246292292996833,0.017778114584307884,19891,52,0.021999215524722487,0.02249336906127118,8.830276404933647e-4,1.545565686104946e-4,5.800928390994567e-4,0.0011859624418872727,NA,GLOBAL,Unclassifed
