record_id,redcap_event_name,redcap_repeat_instrument,redcap_repeat_instance,mic50_who_1,mic50_who_2,mic50_who_3,mic50_who_4,mic50_who_5,mic50_who_6,mic50_who_7,mic50_country_1,mic50_country_2,mic50_country_3,mic50_country_4,mic50_country_5,mic50_country_6,mic50_country_7,mic50_count_1,mic50_count_2,mic50_count_3,mic50_count_4,mic50_count_5,mic50_count_6,mic50_count_7,ddwho1,ddcountry1,ddno1
1,mic_data_extractio_arm_1,mic_data_extraction,1,3,,,,,,,Egypt,,,,,,,60,,,,,,,,,
2,mic_data_extractio_arm_1,mic_data_extraction,1,,,,,,,,(unknown),(unknown),(unknown),,,,,7,1,2,,,,,,,
3,mic_data_extractio_arm_1,mic_data_extraction,1,4,4,4,4,4,,,France,Italy,Spain,Sweden,Turkey,,,185,290,199,190,186,,,,,
4,mic_data_extractio_arm_1,mic_data_extraction,1,4,4,4,4,4,4,4,UK,Norway,Sweden,Denmark,Finland,Germany,Netherlands,226,98,189,54,23,157,142,,,
4,mic_data_extractio_arm_1,mic_data_extraction,2,4,4,4,4,4,4,4,Switzerland,France,Spain,Poland,Slovak Republic,Hungary,Croatia,7,101,229,95,97,315,94,,,
4,mic_data_extractio_arm_1,mic_data_extraction,3,4,4,4,6,6,1,,Slovenia,Italy,Greece,Hong Kong,Singapore,South Africa,,99,246,55,26,63,170,,,,
5,mic_data_extractio_arm_1,mic_data_extraction,1,3,3,3,,,,,Morocco,Morocco,Morocco,,,,,21,32,12,,,,,,,
6,mic_data_extractio_arm_1,mic_data_extraction,1,4,,,,,,,Serbia,,,,,,,1879,,,,,,,,,
7,mic_data_extractio_arm_1,mic_data_extraction,1,4,,,,,,,Spain,,,,,,,117,,,,,,,,,
8,mic_data_extractio_arm_1,mic_data_extraction,1,2,,,,,,,Canada,,,,,,,1003,,,,,,,,,
9,mic_data_extractio_arm_1,mic_data_extraction,1,4,4,4,4,,,,Austria,Austria,Austria,Austria,,,,64,62,150,223,,,,,,
10,mic_data_extractio_arm_1,mic_data_extraction,1,4,,,,,,,Austria,,,,,,,223,,,,,,,,,
11,mic_data_extractio_arm_1,mic_data_extraction,1,4,,,,,,,Spain,,,,,,,210,,,,,,,,,
12,mic_data_extractio_arm_1,mic_data_extraction,1,2,,,,,,,USA,,,,,,,4,,,,,,,,,
13,mic_data_extractio_arm_1,mic_data_extraction,1,6,6,6,6,6,6,5,Hong Kong,Japan,Japan,Japan,South Korea,Australia,Indonesia,25,117,1,2,57,25,6,,,
13,mic_data_extractio_arm_1,mic_data_extraction,2,4,4,4,4,4,4,4,Hungary,Poland,Turkey,Turkey,Austria,Austria,Belgium,28,12,53,1,23,2,19,,,
13,mic_data_extractio_arm_1,mic_data_extraction,3,4,4,4,4,4,4,4,France,Germany,Germany,Italy,Netherlands,Portugal,Spain,31,85,2,49,13,42,51,,,
13,mic_data_extractio_arm_1,mic_data_extraction,4,4,4,4,4,2,2,2,Spain,Sweden,Switzerland,United Kingdom,Argentina,Brazil,Mexico,1,25,114,42,33,145,98,,,
13,mic_data_extractio_arm_1,mic_data_extraction,5,2,2,2,2,2,,,Mexico,Canada,Canada,USA,USA,,,1,207,1,173,1,,,,,
14,mic_data_extractio_arm_1,mic_data_extraction,1,4,,,,,,,Italy,,,,,,,190,,,,,,,,,
15,mic_data_extractio_arm_1,mic_data_extraction,1,4,4,,,,,,Israel,Israel,,,,,,208,92,,,,,,,,
16,mic_data_extractio_arm_1,mic_data_extraction,1,4,4,4,4,,,,France,France,France,France,,,,5,56,258,5,,,,,,
17,mic_data_extractio_arm_1,mic_data_extraction,1,2,2,,,,,,USA,USA,,,,,,282,43,,,,,,,,
18,mic_data_extractio_arm_1,mic_data_extraction,1,2,,,,,,,Brazil,,,,,,,1112,,,,,,,,,
19,mic_data_extractio_arm_1,mic_data_extraction,1,4,4,,,,,,France,France,,,,,,9,10,,,,,,,,
20,mic_data_extractio_arm_1,mic_data_extraction,1,,,,,,,,worldwide,,,,,,,39,,,,,,,,,
21,mic_data_extractio_arm_1,mic_data_extraction,1,,,,,,,,worldwide,,,,,,,640,,,,,,,,,
22,mic_data_extractio_arm_1,mic_data_extraction,1,4,,,,,,,Sweden,,,,,,,100,,,,,,,,,
23,mic_data_extractio_arm_1,mic_data_extraction,1,4,4,,,,,,Austria,Hungary,,,,,,150,191,,,,,,,,
24,mic_data_extractio_arm_1,mic_data_extraction,1,4,,,,,,,Spain,,,,,,,100,,,,,,,,,
26,mic_data_extractio_arm_1,mic_data_extraction,1,2,2,2,,,,,USA,USA,USA,,,,,79,200,1,,,,,,,
27,mic_data_extractio_arm_1,mic_data_extraction,1,6,,,,,,,Japan,,,,,,,249,,,,,,,,,
28,mic_data_extractio_arm_1,mic_data_extraction,1,6,6,6,,,,,Japan,Japan,Japan,,,,,21,276,10,,,,,,,
28,mic_data_extractio_arm_1,mic_data_extraction,2,,,,,,,,,,,,,,,,,,,,,,,,
29,mic_data_extractio_arm_1,mic_data_extraction,1,6,,,,,,,Japan,,,,,,,120,,,,,,,,,
30,mic_data_extractio_arm_1,mic_data_extraction,1,6,6,,,,,,Japan,Japan,,,,,,161,182,,,,,,,,
31,mic_data_extractio_arm_1,mic_data_extraction,1,2,,,,,,,USA,,,,,,,301,,,,,,,,,
32,mic_data_extractio_arm_1,mic_data_extraction,1,2,2,,,,,,USA,USA,,,,,,117,23,,,,,,,,
33,mic_data_extractio_arm_1,mic_data_extraction,1,4,,,,,,,UK,,,,,,,50,,,,,,,,,
34,mic_data_extractio_arm_1,mic_data_extraction,1,4,4,4,4,2,4,4,Italy,Spain,Belgium,France,Mexico,Germany,Sweden,64,47,50,51,47,50,47,,,
34,mic_data_extractio_arm_1,mic_data_extraction,2,2,6,2,4,,,,USA,Australia,Canada,Netherlands,,,,135,53,50,49,,,,,,
35,mic_data_extractio_arm_1,mic_data_extraction,1,4,,,,,,,Austria,,,,,,,50,,,,,,,,,
36,mic_data_extractio_arm_1,mic_data_extraction,1,4,,,,,,,Finland,,,,,,,151,,,,,,,,,
37,mic_data_extractio_arm_1,mic_data_extraction,1,4,,,,,,,Spain,,,,,,,70,,,,,,,,,
38,mic_data_extractio_arm_1,mic_data_extraction,1,2,,,,,,,Argentina,,,,,,,595,,,,,,,,,
39,mic_data_extractio_arm_1,mic_data_extraction,1,2,2,2,2,,,,USA,USA,USA,USA,,,,8,8,10,6,,,,,,
40,mic_data_extractio_arm_1,mic_data_extraction,1,4,,,,,,,Belgium,,,,,,,16,,,,,,,,,
41,mic_data_extractio_arm_1,mic_data_extraction,1,4,4,,,,,,Italy,Italy,,,,,,60,40,,,,,,,,
42,mic_data_extractio_arm_1,mic_data_extraction,1,4,,,,,,,France,,,,,,,93,,,,,,,,,
43,mic_data_extractio_arm_1,mic_data_extraction,1,4,,,,,,,Portugal,,,,,,,302,,,,,,,,,
44,mic_data_extractio_arm_1,mic_data_extraction,1,4,,,,,,,Portugal,,,,,,,213,,,,,,,,,
45,mic_data_extractio_arm_1,mic_data_extraction,1,4,,,,,,,Spain,,,,,,,412,,,,,,,,,
46,mic_data_extractio_arm_1,mic_data_extraction,1,6,2,2,2,4,4,4,Australia,Canada,Canada,Canada,Finland,Finland,Finland,1,2,1,1,1,1,1,,,
46,mic_data_extractio_arm_1,mic_data_extraction,2,2,2,2,4,2,2,2,USA,USA,USA,Italy,USA,USA,USA,1,1,1,1,1,1,1,,,
46,mic_data_extractio_arm_1,mic_data_extraction,3,4,4,4,2,4,4,4,Finland,Finland,Finland,USA,Finland,USA,Finland,1,1,1,1,1,1,1,,,
46,mic_data_extractio_arm_1,mic_data_extraction,4,4,4,2,2,2,2,2,Finland,Finland,USA,USA,USA,Canada,USA,1,1,1,4,1,1,1,,,
46,mic_data_extractio_arm_1,mic_data_extraction,5,2,4,4,2,4,2,4,Canada,Finland,Canada,USA,Norway,USA,Finland,1,1,1,1,1,1,1,,,
46,mic_data_extractio_arm_1,mic_data_extraction,6,4,2,2,2,2,2,2,Finland,Canada,USA,USA,USA,USA,USA,1,1,1,2,1,1,1,,,
46,mic_data_extractio_arm_1,mic_data_extraction,7,4,2,2,2,4,2,4,Finland,USA,USA,USA,UK,Canada,Sweden,1,1,1,1,1,1,1,,,
46,mic_data_extractio_arm_1,mic_data_extraction,8,2,2,4,4,4,,,Canada,USA,Germany,Iceland,Sweden,,,1,1,1,1,1,,,,,
47,mic_data_extractio_arm_1,mic_data_extraction,1,6,,,,,,,Japan,,,,,,,2030,,,,,,,,,
48,mic_data_extractio_arm_1,mic_data_extraction,1,6,6,6,6,,,,Japan,Japan,Japan,Japan,,,,349,123,16,9,,,,,,
49,mic_data_extractio_arm_1,mic_data_extraction,1,6,6,6,,,,,Japan,Japan,Japan,,,,,11,55,1,,,,,,,
50,mic_data_extractio_arm_1,mic_data_extraction,1,1,,,,,,,Senegal,,,,,,,100,,,,,,,,,
51,mic_data_extractio_arm_1,mic_data_extraction,1,2,,,,,,,Brazil,,,,,,,211,,,,,,,,,
52,mic_data_extractio_arm_1,mic_data_extraction,1,2,,,,,,,USA,,,,,,,12,,,,,,,,,
53,mic_data_extractio_arm_1,mic_data_extraction,1,2,4,,,,,,USA,(not reported),,,,,,272,272,,,,,,,,
54,mic_data_extractio_arm_1,mic_data_extraction,1,2,,,,,,,USA,,,,,,,22,,,,,,,,,
55,mic_data_extractio_arm_1,mic_data_extraction,1,4,,,,,,,Serbia,,,,,,,1234,,,,,,,,,
56,mic_data_extractio_arm_1,mic_data_extraction,1,4,,,,,,,Serbia,,,,,,,2169,,,,,,,,,
58,mic_data_extractio_arm_1,mic_data_extraction,1,2,,,,,,,USA,,,,,,,1885,,,,,,,,,
59,mic_data_extractio_arm_1,mic_data_extraction,1,6,,,,,,,Japan,,,,,,,367,,,,,,,,,
60,mic_data_extractio_arm_1,mic_data_extraction,1,6,6,,,,,,Japan,Japan,,,,,,7,5,,,,,,,,
61,mic_data_extractio_arm_1,mic_data_extraction,1,4,,,,,,,Germany,,,,,,,540,,,,,,,,,
62,mic_data_extractio_arm_1,mic_data_extraction,1,4,4,,,,,,Austria,Spain,,,,,,137,137,,,,,,,,
63,mic_data_extractio_arm_1,mic_data_extraction,1,4,,,,,,,UK,,,,,,,40,,,,,,,,,
64,mic_data_extractio_arm_1,mic_data_extraction,1,4,,,,,,,UK,,,,,,,34,,,,,,,,,
65,mic_data_extractio_arm_1,mic_data_extraction,1,4,,,,,,,Poland,,,,,,,302,,,,,,,,,
66,mic_data_extractio_arm_1,mic_data_extraction,1,2,2,2,2,2,,,Brazil,Brazil,Brazil,Brazil,Brazil,,,124,2,1,1,2,,,,,
67,mic_data_extractio_arm_1,mic_data_extraction,1,4,4,4,4,4,4,4,Iceland,Iceland,Iceland,Iceland,Iceland,Iceland,Iceland,3,1,1,5,1,2,2,,,
68,mic_data_extractio_arm_1,mic_data_extraction,1,4,4,4,4,4,4,4,Turkey,Turkey,Turkey,Turkey,Turkey,Turkey,Turkey,1,3,12,97,95,7,7,,,
69,mic_data_extractio_arm_1,mic_data_extraction,1,4,,,,,,,Italy,,,,,,,252,,,,,,,,,
70,mic_data_extractio_arm_1,mic_data_extraction,1,2,2,2,,,,,USA,USA,USA,,,,,29,64,5,,,,,,,
71,mic_data_extractio_arm_1,mic_data_extraction,1,2,2,2,2,,,,USA,USA,USA,USA,,,,41,40,18,4,,,,,,
72,mic_data_extractio_arm_1,mic_data_extraction,1,4,,,,,,,Greece,,,,,,,274,,,,,,,,,
73,mic_data_extractio_arm_1,mic_data_extraction,1,4,,,,,,,Poland,,,,,,,41,,,,,,,,,
74,mic_data_extractio_arm_1,mic_data_extraction,1,4,,,,,,,Germany,,,,,,,1,,,,,,,,,
75,mic_data_extractio_arm_1,mic_data_extraction,1,4,,,,,,,Italy,,,,,,,225,,,,,,,,,
76,mic_data_extractio_arm_1,mic_data_extraction,1,2,,,,,,,Brazil,,,,,,,1112,,,,,,,,,
77,mic_data_extractio_arm_1,mic_data_extraction,1,5,5,5,,,,,India,India,India,,,,,42,34,2,,,,,,,
78,mic_data_extractio_arm_1,mic_data_extraction,1,2,,,,,,,Argentina,,,,,,,10,,,,,,,,,
79,mic_data_extractio_arm_1,mic_data_extraction,1,2,2,,,,,,USA,USA,,,,,,4,1,,,,,,,,
80,mic_data_extractio_arm_1,mic_data_extraction,1,4,4,4,,,,,Italy,Italy,Italy,,,,,917,11,6,,,,,,,
81,mic_data_extractio_arm_1,mic_data_extraction,1,4,,,,,,,Spain,,,,,,,1893,,,,,,,,,
82,mic_data_extractio_arm_1,mic_data_extraction,1,4,,,,,,,Spain,,,,,,,1983,,,,,,,,,
83,mic_data_extractio_arm_1,mic_data_extraction,1,6,,,,,,,Japan,,,,,,,363,,,,,,,,,
84,mic_data_extractio_arm_1,mic_data_extraction,1,6,,,,,,,China,,,,,,,342,,,,,,,,,
85,mic_data_extractio_arm_1,mic_data_extraction,1,6,,,,,,,China,,,,,,,20,,,,,,,,,
86,data_extraction_arm_2,sr_data_extraction,1,,,,,,,,,,,,,,,,,,,,,,4,Spain,35
87,mic_data_extractio_arm_1,mic_data_extraction,1,5,,,,,,,India,,,,,,,206,,,,,,,,,
88,mic_data_extractio_arm_1,mic_data_extraction,1,2,,,,,,,Mexico,,,,,,,197,,,,,,,,,
89,data_extraction_arm_2,sr_data_extraction,1,,,,,,,,,,,,,,,,,,,,,,4,Spain,99
90,data_extraction_arm_2,sr_data_extraction,1,,,,,,,,,,,,,,,,,,,,,,4,Turkey,35
91,data_extraction_arm_2,sr_data_extraction,1,,,,,,,,,,,,,,,,,,,,,,4,Germany,212
92,data_extraction_arm_2,sr_data_extraction,1,,,,,,,,,,,,,,,,,,,,,,2,USA,110
93,mic_data_extractio_arm_1,mic_data_extraction,1,6,6,,,,,,Japan,Japan,,,,,,104,101,,,,,,,,
94,mic_data_extractio_arm_1,mic_data_extraction,1,4,,,,,,,Poland,,,,,,,50,,,,,,,,,
95,data_extraction_arm_2,sr_data_extraction,1,,,,,,,,,,,,,,,,,,,,,,3,Tunisia,59
96,data_extraction_arm_2,sr_data_extraction,1,,,,,,,,,,,,,,,,,,,,,,2,USA,4508
97,mic_data_extractio_arm_1,mic_data_extraction,1,6,,,,,,,China,,,,,,,94,,,,,,,,,
98,data_extraction_arm_2,sr_data_extraction,1,,,,,,,,,,,,,,,,,,,,,,4,Turkey,381
99,data_extraction_arm_2,sr_data_extraction,1,,,,,,,,,,,,,,,,,,,,,,2,USA,2742
100,data_extraction_arm_2,sr_data_extraction,1,,,,,,,,,,,,,,,,,,,,,,4,(multiple),294
101,data_extraction_arm_2,sr_data_extraction,1,,,,,,,,,,,,,,,,,,,,,,4,multiple,54
102,data_extraction_arm_2,sr_data_extraction,1,,,,,,,,,,,,,,,,,,,,,,6,Taiwan,17
103,data_extraction_arm_2,sr_data_extraction,1,,,,,,,,,,,,,,,,,,,,,,2,USA,13823
104,mic_data_extractio_arm_1,mic_data_extraction,1,2,,,,,,,USA,,,,,,,20,,,,,,,,,
105,data_extraction_arm_2,sr_data_extraction,1,,,,,,,,,,,,,,,,,,,,,,2,USA,351
106,data_extraction_arm_2,sr_data_extraction,1,,,,,,,,,,,,,,,,,,,,,,2,USA,422
107,data_extraction_arm_2,sr_data_extraction,1,,,,,,,,,,,,,,,,,,,,,,2,(Not reported),66
108,mic_data_extractio_arm_1,mic_data_extraction,1,6,,,,,,,Japan,,,,,,,670,,,,,,,,,
110,data_extraction_arm_2,sr_data_extraction,1,,,,,,,,,,,,,,,,,,,,,,6,Japan,438
115,data_extraction_arm_2,sr_data_extraction,1,,,,,,,,,,,,,,,,,,,,,,6,China,37
116,data_extraction_arm_2,sr_data_extraction,1,,,,,,,,,,,,,,,,,,,,,,4,Czech Rep,89
116,data_extraction_arm_2,sr_data_extraction,2,,,,,,,,,,,,,,,,,,,,,,4,Slovakia,53
116,data_extraction_arm_2,sr_data_extraction,3,,,,,,,,,,,,,,,,,,,,,,4,Hungary,90
116,data_extraction_arm_2,sr_data_extraction,4,,,,,,,,,,,,,,,,,,,,,,4,Poland,277
116,data_extraction_arm_2,sr_data_extraction,5,,,,,,,,,,,,,,,,,,,,,,4,Romania,180
116,data_extraction_arm_2,sr_data_extraction,6,,,,,,,,,,,,,,,,,,,,,,4,Estonia,15
116,data_extraction_arm_2,sr_data_extraction,7,,,,,,,,,,,,,,,,,,,,,,4,Latvia,26
116,data_extraction_arm_2,sr_data_extraction,8,,,,,,,,,,,,,,,,,,,,,,4,Lithuania,33
117,data_extraction_arm_2,sr_data_extraction,1,,,,,,,,,,,,,,,,,,,,,,4,Turkey,312
119,data_extraction_arm_2,sr_data_extraction,1,,,,,,,,,,,,,,,,,,,,,,4,Sweden,107
120,data_extraction_arm_2,sr_data_extraction,1,,,,,,,,,,,,,,,,,,,,,,6,Japan,62
121,data_extraction_arm_2,sr_data_extraction,1,,,,,,,,,,,,,,,,,,,,,,6,Taiwan,419
122,mic_data_extractio_arm_1,mic_data_extraction,1,6,,,,,,,Taiwan,,,,,,,205,,,,,,,,,
123,data_extraction_arm_2,sr_data_extraction,1,,,,,,,,,,,,,,,,,,,,,,6,Taiwan,78
124,data_extraction_arm_2,sr_data_extraction,1,,,,,,,,,,,,,,,,,,,,,,2,USA,79
124,data_extraction_arm_2,sr_data_extraction,2,,,,,,,,,,,,,,,,,,,,,,4,(not reported),80
126,data_extraction_arm_2,sr_data_extraction,1,,,,,,,,,,,,,,,,,,,,,,6,Japan,120
126,data_extraction_arm_2,sr_data_extraction,2,,,,,,,,,,,,,,,,,,,,,,6,Japan,161
126,data_extraction_arm_2,sr_data_extraction,3,,,,,,,,,,,,,,,,,,,,,,6,Japan,182
126,data_extraction_arm_2,sr_data_extraction,4,,,,,,,,,,,,,,,,,,,,,,6,Japan,182
126,data_extraction_arm_2,sr_data_extraction,5,,,,,,,,,,,,,,,,,,,,,,6,Japan,162
127,data_extraction_arm_2,sr_data_extraction,1,,,,,,,,,,,,,,,,,,,,,,2,USA,474
130,data_extraction_arm_2,sr_data_extraction,1,,,,,,,,,,,,,,,,,,,,,,6,Taiwan,70
131,data_extraction_arm_2,sr_data_extraction,1,,,,,,,,,,,,,,,,,,,,,,3,multiple,105
131,data_extraction_arm_2,sr_data_extraction,2,,,,,,,,,,,,,,,,,,,,,,1,Multiple,106
132,data_extraction_arm_2,sr_data_extraction,1,,,,,,,,,,,,,,,,,,,,,,2,USA,1
133,mic_data_extractio_arm_1,mic_data_extraction,1,6,,,,,,,China,,,,,,,145,,,,,,,,,
136,data_extraction_arm_2,sr_data_extraction,1,,,,,,,,,,,,,,,,,,,,,,2,Argentina,95
137,data_extraction_arm_2,sr_data_extraction,1,,,,,,,,,,,,,,,,,,,,,,2,USA,116
138,data_extraction_arm_2,sr_data_extraction,1,,,,,,,,,,,,,,,,,,,,,,6,Japan,136
139,data_extraction_arm_2,sr_data_extraction,1,,,,,,,,,,,,,,,,,,,,,,4,Portugal,513
141,data_extraction_arm_2,sr_data_extraction,1,,,,,,,,,,,,,,,,,,,,,,6,Japan,4
142,data_extraction_arm_2,sr_data_extraction,1,,,,,,,,,,,,,,,,,,,,,,6,Japan,14
143,data_extraction_arm_2,sr_data_extraction,1,,,,,,,,,,,,,,,,,,,,,,6,Japan,1
144,data_extraction_arm_2,sr_data_extraction,1,,,,,,,,,,,,,,,,,,,,,,4,Spain,1310
145,data_extraction_arm_2,sr_data_extraction,1,,,,,,,,,,,,,,,,,,,,,,4,Romania,14
148,data_extraction_arm_2,sr_data_extraction,1,,,,,,,,,,,,,,,,,,,,,,4,Spain,2561
150,data_extraction_arm_2,sr_data_extraction,1,,,,,,,,,,,,,,,,,,,,,,2,USA,1
151,data_extraction_arm_2,sr_data_extraction,1,,,,,,,,,,,,,,,,,,,,,,2,Brazil,17
152,data_extraction_arm_2,sr_data_extraction,1,,,,,,,,,,,,,,,,,,,,,,4,Spain,286
152,data_extraction_arm_2,sr_data_extraction,2,,,,,,,,,,,,,,,,,,,,,,4,Italy,278
152,data_extraction_arm_2,sr_data_extraction,3,,,,,,,,,,,,,,,,,,,,,,4,Greece,13
152,data_extraction_arm_2,sr_data_extraction,4,,,,,,,,,,,,,,,,,,,,,,4,Portugal,13
153,data_extraction_arm_2,sr_data_extraction,1,,,,,,,,,,,,,,,,,,,,,,2,USA,3918
155,data_extraction_arm_2,sr_data_extraction,1,,,,,,,,,,,,,,,,,,,,,,6,Japan,298
156,data_extraction_arm_2,sr_data_extraction,1,,,,,,,,,,,,,,,,,,,,,,2,USA,917
157,data_extraction_arm_2,sr_data_extraction,1,,,,,,,,,,,,,,,,,,,,,,4,Germany,63
158,mic_data_extractio_arm_1,mic_data_extraction,1,6,,,,,,,Japan,,,,,,,634,,,,,,,,,
160,data_extraction_arm_2,sr_data_extraction,1,,,,,,,,,,,,,,,,,,,,,,1,Ethiopia,91
161,data_extraction_arm_2,sr_data_extraction,1,,,,,,,,,,,,,,,,,,,,,,5,Nepal,12
162,data_extraction_arm_2,sr_data_extraction,1,,,,,,,,,,,,,,,,,,,,,,5,India,118
162,data_extraction_arm_2,sr_data_extraction,2,,,,,,,,,,,,,,,,,,,,,,5,India,236
162,data_extraction_arm_2,sr_data_extraction,3,,,,,,,,,,,,,,,,,,,,,,5,India,60
162,data_extraction_arm_2,sr_data_extraction,4,,,,,,,,,,,,,,,,,,,,,,5,India,28
163,data_extraction_arm_2,sr_data_extraction,1,,,,,,,,,,,,,,,,,,,,,,2,Costa Rica,21
164,data_extraction_arm_2,sr_data_extraction,1,,,,,,,,,,,,,,,,,,,,,,3,Pakistan,23
165,data_extraction_arm_2,sr_data_extraction,1,,,,,,,,,,,,,,,,,,,,,,4,Turkey,20
166,data_extraction_arm_2,sr_data_extraction,1,,,,,,,,,,,,,,,,,,,,,,2,Brazil,91
167,data_extraction_arm_2,sr_data_extraction,1,,,,,,,,,,,,,,,,,,,,,,2,Costa Rica,10
168,data_extraction_arm_2,sr_data_extraction,1,,,,,,,,,,,,,,,,,,,,,,3,Lebanon,103
169,data_extraction_arm_2,sr_data_extraction,1,,,,,,,,,,,,,,,,,,,,,,2,USA,692
170,data_extraction_arm_2,sr_data_extraction,1,,,,,,,,,,,,,,,,,,,,,,4,Spain,246
170,data_extraction_arm_2,sr_data_extraction,2,,,,,,,,,,,,,,,,,,,,,,4,Spain,150
170,data_extraction_arm_2,sr_data_extraction,3,,,,,,,,,,,,,,,,,,,,,,4,Spain,76
172,data_extraction_arm_2,sr_data_extraction,1,,,,,,,,,,,,,,,,,,,,,,5,India,1313
173,data_extraction_arm_2,sr_data_extraction,1,,,,,,,,,,,,,,,,,,,,,,6,New Zealand,434
174,data_extraction_arm_2,sr_data_extraction,1,,,,,,,,,,,,,,,,,,,,,,4,Russia,91
175,data_extraction_arm_2,sr_data_extraction,1,,,,,,,,,,,,,,,,,,,,,,4,UK,553
176,data_extraction_arm_2,sr_data_extraction,1,,,,,,,,,,,,,,,,,,,,,,2,USA,409
177,data_extraction_arm_2,sr_data_extraction,1,,,,,,,,,,,,,,,,,,,,,,6,South Korea,92
178,data_extraction_arm_2,sr_data_extraction,1,,,,,,,,,,,,,,,,,,,,,,3,Lebanon,60
178,data_extraction_arm_2,sr_data_extraction,2,,,,,,,,,,,,,,,,,,,,,,3,Lebanon,459
178,data_extraction_arm_2,sr_data_extraction,3,,,,,,,,,,,,,,,,,,,,,,3,Lebanon,160
179,data_extraction_arm_2,sr_data_extraction,1,,,,,,,,,,,,,,,,,,,,,,6,Taiwan,830
180,data_extraction_arm_2,sr_data_extraction,1,,,,,,,,,,,,,,,,,,,,,,6,China,58
181,data_extraction_arm_2,sr_data_extraction,1,,,,,,,,,,,,,,,,,,,,,,5,India,35
182,data_extraction_arm_2,sr_data_extraction,1,,,,,,,,,,,,,,,,,,,,,,4,Italy,1253
182,data_extraction_arm_2,sr_data_extraction,2,,,,,,,,,,,,,,,,,,,,,,4,Italy,1748
182,data_extraction_arm_2,sr_data_extraction,3,,,,,,,,,,,,,,,,,,,,,,4,Italy,2251
183,data_extraction_arm_2,sr_data_extraction,1,,,,,,,,,,,,,,,,,,,,,,2,Canada,3205
184,data_extraction_arm_2,sr_data_extraction,1,,,,,,,,,,,,,,,,,,,,,,4,Spain,293
185,data_extraction_arm_2,sr_data_extraction,1,,,,,,,,,,,,,,,,,,,,,,2,Argentina,18
186,data_extraction_arm_2,sr_data_extraction,1,,,,,,,,,,,,,,,,,,,,,,5,India,9
187,data_extraction_arm_2,sr_data_extraction,1,,,,,,,,,,,,,,,,,,,,,,5,India,102
188,data_extraction_arm_2,sr_data_extraction,1,,,,,,,,,,,,,,,,,,,,,,5,India,93
189,data_extraction_arm_2,sr_data_extraction,1,,,,,,,,,,,,,,,,,,,,,,2,USA,3918
190,data_extraction_arm_2,sr_data_extraction,1,,,,,,,,,,,,,,,,,,,,,,4,Turkey,319
191,data_extraction_arm_2,sr_data_extraction,1,,,,,,,,,,,,,,,,,,,,,,2,Brazil,357
192,data_extraction_arm_2,sr_data_extraction,1,,,,,,,,,,,,,,,,,,,,,,6,China,18
193,data_extraction_arm_2,sr_data_extraction,1,,,,,,,,,,,,,,,,,,,,,,5,Nepal,38
194,data_extraction_arm_2,sr_data_extraction,1,,,,,,,,,,,,,,,,,,,,,,3,Tunisia,105
195,data_extraction_arm_2,sr_data_extraction,1,,,,,,,,,,,,,,,,,,,,,,2,"Argentina, Brazil, Chile, Columbia, Mexico",24
196,data_extraction_arm_2,sr_data_extraction,1,,,,,,,,,,,,,,,,,,,,,,2,USA,268
198,data_extraction_arm_2,sr_data_extraction,1,,,,,,,,,,,,,,,,,,,,,,6,China,13554
199,data_extraction_arm_2,sr_data_extraction,1,,,,,,,,,,,,,,,,,,,,,,4,Spain,786
199,data_extraction_arm_2,sr_data_extraction,2,,,,,,,,,,,,,,,,,,,,,,4,Spain,2039
200,data_extraction_arm_2,sr_data_extraction,1,,,,,,,,,,,,,,,,,,,,,,4,Spain,16
201,data_extraction_arm_2,sr_data_extraction,1,,,,,,,,,,,,,,,,,,,,,,2,USA,45
202,data_extraction_arm_2,sr_data_extraction,1,,,,,,,,,,,,,,,,,,,,,,6,Japan,63
203,data_extraction_arm_2,sr_data_extraction,1,,,,,,,,,,,,,,,,,,,,,,4,Belgium,50
204,data_extraction_arm_2,sr_data_extraction,1,,,,,,,,,,,,,,,,,,,,,,3,"Multiple, breakdown not reported",125
205,data_extraction_arm_2,sr_data_extraction,1,,,,,,,,,,,,,,,,,,,,,,1,South Africa,66
206,data_extraction_arm_2,sr_data_extraction,1,,,,,,,,,,,,,,,,,,,,,,6,China,188
207,data_extraction_arm_2,sr_data_extraction,1,,,,,,,,,,,,,,,,,,,,,,1,Tanzania,71
208,data_extraction_arm_2,sr_data_extraction,1,,,,,,,,,,,,,,,,,,,,,,4,Turkey,17
209,data_extraction_arm_2,sr_data_extraction,1,,,,,,,,,,,,,,,,,,,,,,4,Spain,2039
210,data_extraction_arm_2,sr_data_extraction,1,,,,,,,,,,,,,,,,,,,,,,4,Germany,37
211,data_extraction_arm_2,sr_data_extraction,1,,,,,,,,,,,,,,,,,,,,,,4,UK,59
212,data_extraction_arm_2,sr_data_extraction,1,,,,,,,,,,,,,,,,,,,,,,2,USA/Canada,397
213,data_extraction_arm_2,sr_data_extraction,1,,,,,,,,,,,,,,,,,,,,,,4,Serbia,1040
214,data_extraction_arm_2,sr_data_extraction,1,,,,,,,,,,,,,,,,,,,,,,4,"Spain, Germany, Italy, UK",135
214,data_extraction_arm_2,sr_data_extraction,2,,,,,,,,,,,,,,,,,,,,,,2,"Canada, Brazil, Colombia, USA",136
215,data_extraction_arm_2,sr_data_extraction,1,,,,,,,,,,,,,,,,,,,,,,4,Spain,293
216,data_extraction_arm_2,sr_data_extraction,1,,,,,,,,,,,,,,,,,,,,,,1,Ethiopia,49
217,data_extraction_arm_2,sr_data_extraction,1,,,,,,,,,,,,,,,,,,,,,,1,Ethiopia,5
218,data_extraction_arm_2,sr_data_extraction,1,,,,,,,,,,,,,,,,,,,,,,2,Mexico,397
219,data_extraction_arm_2,sr_data_extraction,1,,,,,,,,,,,,,,,,,,,,,,4,Spain,100
220,data_extraction_arm_2,sr_data_extraction,1,,,,,,,,,,,,,,,,,,,,,,5,Thailand,11
221,data_extraction_arm_2,sr_data_extraction,1,,,,,,,,,,,,,,,,,,,,,,,Worldwide (25 countries),1485
222,data_extraction_arm_2,sr_data_extraction,1,,,,,,,,,,,,,,,,,,,,,,1,Ethiopia,8
223,data_extraction_arm_2,sr_data_extraction,1,,,,,,,,,,,,,,,,,,,,,,4,Turkey,8
224,data_extraction_arm_2,sr_data_extraction,1,,,,,,,,,,,,,,,,,,,,,,4,Sweden,530
225,data_extraction_arm_2,sr_data_extraction,1,,,,,,,,,,,,,,,,,,,,,,6,Japan,8
226,data_extraction_arm_2,sr_data_extraction,1,,,,,,,,,,,,,,,,,,,,,,3,Morocco,11
227,data_extraction_arm_2,sr_data_extraction,1,,,,,,,,,,,,,,,,,,,,,,2,Canada,208
227,data_extraction_arm_2,sr_data_extraction,2,,,,,,,,,,,,,,,,,,,,,,2,USA,174
228,data_extraction_arm_2,sr_data_extraction,1,,,,,,,,,,,,,,,,,,,,,,6,China,11
229,data_extraction_arm_2,sr_data_extraction,1,,,,,,,,,,,,,,,,,,,,,,6,China,7
230,data_extraction_arm_2,sr_data_extraction,1,,,,,,,,,,,,,,,,,,,,,,4,Serbia,359
230,data_extraction_arm_2,sr_data_extraction,2,,,,,,,,,,,,,,,,,,,,,,4,Serbia,115
231,data_extraction_arm_2,sr_data_extraction,1,,,,,,,,,,,,,,,,,,,,,,3,Tunisia,103
232,data_extraction_arm_2,sr_data_extraction,1,,,,,,,,,,,,,,,,,,,,,,6,China,142
233,data_extraction_arm_2,sr_data_extraction,1,,,,,,,,,,,,,,,,,,,,,,2,'North America',79
233,data_extraction_arm_2,sr_data_extraction,2,,,,,,,,,,,,,,,,,,,,,,4,Europe,80
234,data_extraction_arm_2,sr_data_extraction,1,,,,,,,,,,,,,,,,,,,,,,4,Germany,586
235,data_extraction_arm_2,sr_data_extraction,1,,,,,,,,,,,,,,,,,,,,,,4,Germany,695
236,data_extraction_arm_2,sr_data_extraction,1,,,,,,,,,,,,,,,,,,,,,,4,UK,38
237,data_extraction_arm_2,sr_data_extraction,1,,,,,,,,,,,,,,,,,,,,,,4,Poland,21
237,data_extraction_arm_2,sr_data_extraction,2,,,,,,,,,,,,,,,,,,,,,,4,Poland,37
237,data_extraction_arm_2,sr_data_extraction,3,,,,,,,,,,,,,,,,,,,,,,4,Poland,23
237,data_extraction_arm_2,sr_data_extraction,4,,,,,,,,,,,,,,,,,,,,,,4,Poland,43
237,data_extraction_arm_2,sr_data_extraction,5,,,,,,,,,,,,,,,,,,,,,,4,Poland,32
238,data_extraction_arm_2,sr_data_extraction,1,,,,,,,,,,,,,,,,,,,,,,2,USA,50
238,data_extraction_arm_2,sr_data_extraction,2,,,,,,,,,,,,,,,,,,,,,,4,France,166
238,data_extraction_arm_2,sr_data_extraction,3,,,,,,,,,,,,,,,,,,,,,,4,Germany,84
238,data_extraction_arm_2,sr_data_extraction,4,,,,,,,,,,,,,,,,,,,,,,4,Italy,70
238,data_extraction_arm_2,sr_data_extraction,5,,,,,,,,,,,,,,,,,,,,,,4,Spain,107
239,mic_data_extractio_arm_1,mic_data_extraction,1,4,,,,,,,Greece,,,,,,,49,,,,,,,,,
240,data_extraction_arm_2,sr_data_extraction,1,,,,,,,,,,,,,,,,,,,,,,4,Greece,1127
241,data_extraction_arm_2,sr_data_extraction,1,,,,,,,,,,,,,,,,,,,,,,4,Poland,59
242,data_extraction_arm_2,sr_data_extraction,1,,,,,,,,,,,,,,,,,,,,,,6,China,10
242,data_extraction_arm_2,sr_data_extraction,2,,,,,,,,,,,,,,,,,,,,,,6,China,6
242,data_extraction_arm_2,sr_data_extraction,3,,,,,,,,,,,,,,,,,,,,,,6,China,2
242,data_extraction_arm_2,sr_data_extraction,4,,,,,,,,,,,,,,,,,,,,,,6,China,3
242,data_extraction_arm_2,sr_data_extraction,5,,,,,,,,,,,,,,,,,,,,,,6,China,1
243,data_extraction_arm_2,sr_data_extraction,1,,,,,,,,,,,,,,,,,,,,,,1,Ethopia,14
244,data_extraction_arm_2,sr_data_extraction,1,,,,,,,,,,,,,,,,,,,,,,3,Iran,25
245,data_extraction_arm_2,sr_data_extraction,1,,,,,,,,,,,,,,,,,,,,,,6,South Korea,19
246,data_extraction_arm_2,sr_data_extraction,1,,,,,,,,,,,,,,,,,,,,,,4,Turkey,112
247,data_extraction_arm_2,sr_data_extraction,1,,,,,,,,,,,,,,,,,,,,,,4,Turkey,161
248,data_extraction_arm_2,sr_data_extraction,1,,,,,,,,,,,,,,,,,,,,,,4,Turkey,218
249,mic_data_extractio_arm_1,mic_data_extraction,1,,,,,,,,Worldwide,,,,,,,1485,,,,,,,,,
250,data_extraction_arm_2,sr_data_extraction,1,,,,,,,,,,,,,,,,,,,,,,4,Cyprus,88
251,data_extraction_arm_2,sr_data_extraction,1,,,,,,,,,,,,,,,,,,,,,,4,Germany,191
252,data_extraction_arm_2,sr_data_extraction,1,,,,,,,,,,,,,,,,,,,,,,4,Norway,181
252,data_extraction_arm_2,sr_data_extraction,2,,,,,,,,,,,,,,,,,,,,,,4,Norway,513
253,data_extraction_arm_2,sr_data_extraction,1,,,,,,,,,,,,,,,,,,,,,,4,Hungary,26
254,data_extraction_arm_2,sr_data_extraction,1,,,,,,,,,,,,,,,,,,,,,,3,Tunisia,289
255,data_extraction_arm_2,sr_data_extraction,1,,,,,,,,,,,,,,,,,,,,,,6,China,297
255,data_extraction_arm_2,sr_data_extraction,2,,,,,,,,,,,,,,,,,,,,,,6,China,271
256,data_extraction_arm_2,sr_data_extraction,1,,,,,,,,,,,,,,,,,,,,,,6,China,466
257,data_extraction_arm_2,sr_data_extraction,1,,,,,,,,,,,,,,,,,,,,,,4,Switzerland,112
258,data_extraction_arm_2,sr_data_extraction,1,,,,,,,,,,,,,,,,,,,,,,2,USA,163
259,data_extraction_arm_2,sr_data_extraction,1,,,,,,,,,,,,,,,,,,,,,,6,China,60
260,data_extraction_arm_2,sr_data_extraction,1,,,,,,,,,,,,,,,,,,,,,,5,India,117
261,data_extraction_arm_2,sr_data_extraction,1,,,,,,,,,,,,,,,,,,,,,,2,Brazil,20
262,data_extraction_arm_2,sr_data_extraction,1,,,,,,,,,,,,,,,,,,,,,,6,China,222
263,data_extraction_arm_2,sr_data_extraction,1,,,,,,,,,,,,,,,,,,,,,,4,Denmark,169
264,data_extraction_arm_2,sr_data_extraction,1,,,,,,,,,,,,,,,,,,,,,,4,France,206
265,data_extraction_arm_2,sr_data_extraction,1,,,,,,,,,,,,,,,,,,,,,,2,Canada,115
266,data_extraction_arm_2,sr_data_extraction,1,,,,,,,,,,,,,,,,,,,,,,5,India,3
267,data_extraction_arm_2,sr_data_extraction,1,,,,,,,,,,,,,,,,,,,,,,4,Norway,138
267,data_extraction_arm_2,sr_data_extraction,2,,,,,,,,,,,,,,,,,,,,,,4,Norway,124
268,data_extraction_arm_2,sr_data_extraction,1,,,,,,,,,,,,,,,,,,,,,,4,Portugal,513
269,data_extraction_arm_2,sr_data_extraction,1,,,,,,,,,,,,,,,,,,,,,,,Worldwide,521
270,data_extraction_arm_2,sr_data_extraction,1,,,,,,,,,,,,,,,,,,,,,,2,Argentina,33
270,data_extraction_arm_2,sr_data_extraction,2,,,,,,,,,,,,,,,,,,,,,,2,Brazil,145
270,data_extraction_arm_2,sr_data_extraction,3,,,,,,,,,,,,,,,,,,,,,,2,Mexico,99
271,data_extraction_arm_2,sr_data_extraction,1,,,,,,,,,,,,,,,,,,,,,,4,Greece,1160
272,data_extraction_arm_2,sr_data_extraction,1,,,,,,,,,,,,,,,,,,,,,,4,Greece,1324
273,data_extraction_arm_2,sr_data_extraction,1,,,,,,,,,,,,,,,,,,,,,,4,Poland,79
274,data_extraction_arm_2,sr_data_extraction,1,,,,,,,,,,,,,,,,,,,,,,4,Spain,12346
275,data_extraction_arm_2,sr_data_extraction,1,,,,,,,,,,,,,,,,,,,,,,6,Papua New Guinea,337
276,data_extraction_arm_2,sr_data_extraction,1,,,,,,,,,,,,,,,,,,,,,,6,Japan,2
277,data_extraction_arm_2,sr_data_extraction,1,,,,,,,,,,,,,,,,,,,,,,4,Multiple,196
278,data_extraction_arm_2,sr_data_extraction,1,,,,,,,,,,,,,,,,,,,,,,6,China,1
279,data_extraction_arm_2,sr_data_extraction,1,,,,,,,,,,,,,,,,,,,,,,1,Zambia,22
280,data_extraction_arm_2,sr_data_extraction,1,,,,,,,,,,,,,,,,,,,,,,1,Algeria,188
281,data_extraction_arm_2,sr_data_extraction,1,,,,,,,,,,,,,,,,,,,,,,4,Norway,346
282,data_extraction_arm_2,sr_data_extraction,1,,,,,,,,,,,,,,,,,,,,,,5,India,30
283,data_extraction_arm_2,sr_data_extraction,1,,,,,,,,,,,,,,,,,,,,,,1,Zimbabwe,10
284,data_extraction_arm_2,sr_data_extraction,1,,,,,,,,,,,,,,,,,,,,,,4,Poland,6
285,data_extraction_arm_2,sr_data_extraction,1,,,,,,,,,,,,,,,,,,,,,,4,Germany,183
286,data_extraction_arm_2,sr_data_extraction,1,,,,,,,,,,,,,,,,,,,,,,6,Taiwan,139
287,data_extraction_arm_2,sr_data_extraction,1,,,,,,,,,,,,,,,,,,,,,,2,Mexico,394
288,data_extraction_arm_2,sr_data_extraction,1,,,,,,,,,,,,,,,,,,,,,,4,Greece,300
289,data_extraction_arm_2,sr_data_extraction,1,,,,,,,,,,,,,,,,,,,,,,4,Italy,18
290,data_extraction_arm_2,sr_data_extraction,1,,,,,,,,,,,,,,,,,,,,,,2,USA,579
291,data_extraction_arm_2,sr_data_extraction,1,,,,,,,,,,,,,,,,,,,,,,,"USA, Europe",1553
292,data_extraction_arm_2,sr_data_extraction,1,,,,,,,,,,,,,,,,,,,,,,,"Europe, USA",15
293,data_extraction_arm_2,sr_data_extraction,1,,,,,,,,,,,,,,,,,,,,,,4,Europe and adjacent,246
294,data_extraction_arm_2,sr_data_extraction,1,,,,,,,,,,,,,,,,,,,,,,4,Portugal,511
295,data_extraction_arm_2,sr_data_extraction,1,,,,,,,,,,,,,,,,,,,,,,4,France,1321
296,data_extraction_arm_2,sr_data_extraction,1,,,,,,,,,,,,,,,,,,,,,,2,USA,2
297,data_extraction_arm_2,sr_data_extraction,1,,,,,,,,,,,,,,,,,,,,,,5,Nepal,51
298,data_extraction_arm_2,sr_data_extraction,1,,,,,,,,,,,,,,,,,,,,,,5,India,139
299,data_extraction_arm_2,sr_data_extraction,1,,,,,,,,,,,,,,,,,,,,,,5,India,1
300,data_extraction_arm_2,sr_data_extraction,1,,,,,,,,,,,,,,,,,,,,,,,Worldwide,545
301,data_extraction_arm_2,sr_data_extraction,1,,,,,,,,,,,,,,,,,,,,,,3,Lebanon,63
302,data_extraction_arm_2,sr_data_extraction,1,,,,,,,,,,,,,,,,,,,,,,4,Germany,87
303,data_extraction_arm_2,sr_data_extraction,1,,,,,,,,,,,,,,,,,,,,,,4,Portugal,50
304,data_extraction_arm_2,sr_data_extraction,1,,,,,,,,,,,,,,,,,,,,,,5,Nepal,45
305,data_extraction_arm_2,sr_data_extraction,1,,,,,,,,,,,,,,,,,,,,,,1,Ethiopia,136
306,data_extraction_arm_2,sr_data_extraction,1,,,,,,,,,,,,,,,,,,,,,,4,Spain,126
307,data_extraction_arm_2,sr_data_extraction,1,,,,,,,,,,,,,,,,,,,,,,4,Germany,16
308,data_extraction_arm_2,sr_data_extraction,1,,,,,,,,,,,,,,,,,,,,,,1,Nigeria,47
309,data_extraction_arm_2,sr_data_extraction,1,,,,,,,,,,,,,,,,,,,,,,2,USA,739
310,data_extraction_arm_2,sr_data_extraction,1,,,,,,,,,,,,,,,,,,,,,,2,USA,516
311,data_extraction_arm_2,sr_data_extraction,1,,,,,,,,,,,,,,,,,,,,,,6,Multiple,62
312,data_extraction_arm_2,sr_data_extraction,1,,,,,,,,,,,,,,,,,,,,,,2,USA,49
313,data_extraction_arm_2,sr_data_extraction,1,,,,,,,,,,,,,,,,,,,,,,3,Iran,59
314,data_extraction_arm_2,sr_data_extraction,1,,,,,,,,,,,,,,,,,,,,,,2,Brazil,15
315,data_extraction_arm_2,sr_data_extraction,1,,,,,,,,,,,,,,,,,,,,,,4,Finland,38
316,data_extraction_arm_2,sr_data_extraction,1,,,,,,,,,,,,,,,,,,,,,,4,Bulgaria,59
317,data_extraction_arm_2,sr_data_extraction,1,,,,,,,,,,,,,,,,,,,,,,5,India,8
318,data_extraction_arm_2,sr_data_extraction,1,,,,,,,,,,,,,,,,,,,,,,5,India,34
319,data_extraction_arm_2,sr_data_extraction,1,,,,,,,,,,,,,,,,,,,,,,3,Saudi Arabia,335
320,data_extraction_arm_2,sr_data_extraction,1,,,,,,,,,,,,,,,,,,,,,,3,Saudi Arabia,866
321,data_extraction_arm_2,sr_data_extraction,1,,,,,,,,,,,,,,,,,,,,,,4,Norway,99
322,mic_data_extractio_arm_1,mic_data_extraction,1,2,,,,,,,Argentina,,,,,,,96,,,,,,,,,
323,data_extraction_arm_2,sr_data_extraction,1,,,,,,,,,,,,,,,,,,,,,,6,China,30
324,data_extraction_arm_2,sr_data_extraction,1,,,,,,,,,,,,,,,,,,,,,,5,Thailand,73
325,data_extraction_arm_2,sr_data_extraction,1,,,,,,,,,,,,,,,,,,,,,,6,Australia,22
326,data_extraction_arm_2,sr_data_extraction,1,,,,,,,,,,,,,,,,,,,,,,6,Japan,12
327,data_extraction_arm_2,sr_data_extraction,1,,,,,,,,,,,,,,,,,,,,,,6,China,42
327,data_extraction_arm_2,sr_data_extraction,2,,,,,,,,,,,,,,,,,,,,,,6,China,70
327,data_extraction_arm_2,sr_data_extraction,3,,,,,,,,,,,,,,,,,,,,,,6,China,64
328,data_extraction_arm_2,sr_data_extraction,1,,,,,,,,,,,,,,,,,,,,,,6,China,250
329,data_extraction_arm_2,sr_data_extraction,1,,,,,,,,,,,,,,,,,,,,,,6,China,4
330,data_extraction_arm_2,sr_data_extraction,1,,,,,,,,,,,,,,,,,,,,,,4,Poland,816
331,data_extraction_arm_2,sr_data_extraction,1,,,,,,,,,,,,,,,,,,,,,,1,Ethiopia,23
332,data_extraction_arm_2,sr_data_extraction,1,,,,,,,,,,,,,,,,,,,,,,5,Nepal,11
333,data_extraction_arm_2,sr_data_extraction,1,,,,,,,,,,,,,,,,,,,,,,6,Japan,6
334,data_extraction_arm_2,sr_data_extraction,1,,,,,,,,,,,,,,,,,,,,,,4,Turkey,150
335,data_extraction_arm_2,sr_data_extraction,1,,,,,,,,,,,,,,,,,,,,,,4,Turkey,9
336,data_extraction_arm_2,sr_data_extraction,1,,,,,,,,,,,,,,,,,,,,,,4,Turkey,92
337,data_extraction_arm_2,sr_data_extraction,1,,,,,,,,,,,,,,,,,,,,,,4,Spain,42
338,data_extraction_arm_2,sr_data_extraction,1,,,,,,,,,,,,,,,,,,,,,,2,Mexico,467
338,data_extraction_arm_2,sr_data_extraction,2,,,,,,,,,,,,,,,,,,,,,,2,USA,174
339,data_extraction_arm_2,sr_data_extraction,1,,,,,,,,,,,,,,,,,,,,,,2,USA,1455
340,data_extraction_arm_2,sr_data_extraction,1,,,,,,,,,,,,,,,,,,,,,,6,Japan,41
341,data_extraction_arm_2,sr_data_extraction,1,,,,,,,,,,,,,,,,,,,,,,4,Sweden,2531
342,data_extraction_arm_2,sr_data_extraction,1,,,,,,,,,,,,,,,,,,,,,,6,Taiwan,50
343,data_extraction_arm_2,sr_data_extraction,1,,,,,,,,,,,,,,,,,,,,,,6,China,30
344,data_extraction_arm_2,sr_data_extraction,1,,,,,,,,,,,,,,,,,,,,,,6,Japan,4
345,data_extraction_arm_2,sr_data_extraction,1,,,,,,,,,,,,,,,,,,,,,,6,Japan,16
346,data_extraction_arm_2,sr_data_extraction,1,,,,,,,,,,,,,,,,,,,,,,6,Japan,29
347,data_extraction_arm_2,sr_data_extraction,1,,,,,,,,,,,,,,,,,,,,,,6,Japan,17
348,data_extraction_arm_2,sr_data_extraction,1,,,,,,,,,,,,,,,,,,,,,,6,China,78
348,data_extraction_arm_2,sr_data_extraction,2,,,,,,,,,,,,,,,,,,,,,,6,China,95
348,data_extraction_arm_2,sr_data_extraction,3,,,,,,,,,,,,,,,,,,,,,,6,China,34
348,data_extraction_arm_2,sr_data_extraction,4,,,,,,,,,,,,,,,,,,,,,,6,China,15
348,data_extraction_arm_2,sr_data_extraction,5,,,,,,,,,,,,,,,,,,,,,,6,China,38
348,data_extraction_arm_2,sr_data_extraction,6,,,,,,,,,,,,,,,,,,,,,,6,China,16
349,data_extraction_arm_2,sr_data_extraction,1,,,,,,,,,,,,,,,,,,,,,,2,USA,146
350,data_extraction_arm_2,sr_data_extraction,1,,,,,,,,,,,,,,,,,,,,,,4,Greece,1158
351,data_extraction_arm_2,sr_data_extraction,1,,,,,,,,,,,,,,,,,,,,,,3,Pakistan,95
352,data_extraction_arm_2,sr_data_extraction,1,,,,,,,,,,,,,,,,,,,,,,4,Switzerland,100
353,data_extraction_arm_2,sr_data_extraction,1,,,,,,,,,,,,,,,,,,,,,,1,Ethiopia,4
354,data_extraction_arm_2,sr_data_extraction,1,,,,,,,,,,,,,,,,,,,,,,6,China,127
355,data_extraction_arm_2,sr_data_extraction,1,,,,,,,,,,,,,,,,,,,,,,6,China,271
356,data_extraction_arm_2,sr_data_extraction,1,,,,,,,,,,,,,,,,,,,,,,4,France,322
357,data_extraction_arm_2,sr_data_extraction,1,,,,,,,,,,,,,,,,,,,,,,4,Israel,110
358,data_extraction_arm_2,sr_data_extraction,1,,,,,,,,,,,,,,,,,,,,,,2,Chile,82
358,data_extraction_arm_2,sr_data_extraction,2,,,,,,,,,,,,,,,,,,,,,,2,Chile,67
