record_id,redcap_event_name,redcap_repeat_instrument,redcap_repeat_instance,mic50_who_1,mic50_who_2,mic50_who_3,mic50_who_4,mic50_who_5,mic50_who_6,mic50_who_7,mic50_country_1,mic50_country_2,mic50_country_3,mic50_country_4,mic50_country_5,mic50_country_6,mic50_country_7,ddwho1,ddcountry1
1,mic_data_extractio_arm_1,mic_data_extraction,1,3,,,,,,,Egypt,,,,,,,,
2,mic_data_extractio_arm_1,mic_data_extraction,1,,,,,,,,(unknown),(unknown),(unknown),,,,,,
3,mic_data_extractio_arm_1,mic_data_extraction,1,4,4,4,4,4,,,France,Italy,Spain,Sweden,Turkey,,,,
4,mic_data_extractio_arm_1,mic_data_extraction,1,4,4,4,4,4,4,4,UK,Norway,Sweden,Denmark,Finland,Germany,Netherlands,,
4,mic_data_extractio_arm_1,mic_data_extraction,2,4,4,4,4,4,4,4,Switzerland,France,Spain,Poland,"Slovak Republic",Hungary,Croatia,,
4,mic_data_extractio_arm_1,mic_data_extraction,3,4,4,4,6,6,1,,Slovenia,Italy,Greece,"Hong Kong",Singapore,"South Africa",,,
5,mic_data_extractio_arm_1,mic_data_extraction,1,3,3,3,,,,,Morocco,Morocco,Morocco,,,,,,
6,mic_data_extractio_arm_1,mic_data_extraction,1,4,,,,,,,Serbia,,,,,,,,
7,mic_data_extractio_arm_1,mic_data_extraction,1,4,,,,,,,Spain,,,,,,,,
8,mic_data_extractio_arm_1,mic_data_extraction,1,2,,,,,,,Canada,,,,,,,,
9,mic_data_extractio_arm_1,mic_data_extraction,1,4,4,4,4,,,,Austria,Austria,Austria,Austria,,,,,
10,mic_data_extractio_arm_1,mic_data_extraction,1,4,,,,,,,Austria,,,,,,,,
11,mic_data_extractio_arm_1,mic_data_extraction,1,4,,,,,,,Spain,,,,,,,,
12,mic_data_extractio_arm_1,mic_data_extraction,1,2,,,,,,,USA,,,,,,,,
13,mic_data_extractio_arm_1,mic_data_extraction,1,6,6,6,6,6,6,5,"Hong Kong",Japan,Japan,Japan,"South Korea",Australia,Indonesia,,
13,mic_data_extractio_arm_1,mic_data_extraction,2,4,4,4,4,4,4,4,Hungary,Poland,Turkey,Turkey,Austria,Austria,Belgium,,
13,mic_data_extractio_arm_1,mic_data_extraction,3,4,4,4,4,4,4,4,France,Germany,Germany,Italy,Netherlands,Portugal,Spain,,
13,mic_data_extractio_arm_1,mic_data_extraction,4,4,4,4,4,2,2,2,Spain,Sweden,Switzerland,"United Kingdom",Argentina,Brazil,Mexico,,
13,mic_data_extractio_arm_1,mic_data_extraction,5,2,2,2,2,2,,,Mexico,Canada,Canada,USA,USA,,,,
14,mic_data_extractio_arm_1,mic_data_extraction,1,4,,,,,,,Italy,,,,,,,,
15,mic_data_extractio_arm_1,mic_data_extraction,1,4,4,,,,,,Israel,Israel,,,,,,,
16,mic_data_extractio_arm_1,mic_data_extraction,1,4,4,4,4,,,,France,France,France,France,,,,,
17,mic_data_extractio_arm_1,mic_data_extraction,1,2,2,,,,,,USA,USA,,,,,,,
18,mic_data_extractio_arm_1,mic_data_extraction,1,2,,,,,,,Brazil,,,,,,,,
19,mic_data_extractio_arm_1,mic_data_extraction,1,4,4,,,,,,France,France,,,,,,,
20,mic_data_extractio_arm_1,mic_data_extraction,1,,,,,,,,worldwide,,,,,,,,
21,mic_data_extractio_arm_1,mic_data_extraction,1,,,,,,,,worldwide,,,,,,,,
22,mic_data_extractio_arm_1,mic_data_extraction,1,4,,,,,,,Sweden,,,,,,,,
23,mic_data_extractio_arm_1,mic_data_extraction,1,4,4,,,,,,Austria,Hungary,,,,,,,
24,mic_data_extractio_arm_1,mic_data_extraction,1,4,,,,,,,Spain,,,,,,,,
26,mic_data_extractio_arm_1,mic_data_extraction,1,2,2,2,,,,,USA,USA,USA,,,,,,
27,mic_data_extractio_arm_1,mic_data_extraction,1,6,,,,,,,Japan,,,,,,,,
28,mic_data_extractio_arm_1,mic_data_extraction,1,6,6,6,,,,,Japan,Japan,Japan,,,,,,
28,mic_data_extractio_arm_1,mic_data_extraction,2,,,,,,,,,,,,,,,,
29,mic_data_extractio_arm_1,mic_data_extraction,1,6,,,,,,,Japan,,,,,,,,
30,mic_data_extractio_arm_1,mic_data_extraction,1,6,6,,,,,,Japan,Japan,,,,,,,
31,mic_data_extractio_arm_1,mic_data_extraction,1,2,,,,,,,USA,,,,,,,,
32,mic_data_extractio_arm_1,mic_data_extraction,1,2,2,,,,,,USA,USA,,,,,,,
33,mic_data_extractio_arm_1,mic_data_extraction,1,4,,,,,,,UK,,,,,,,,
34,mic_data_extractio_arm_1,mic_data_extraction,1,4,4,4,4,2,4,4,Italy,Spain,Belgium,France,Mexico,Germany,Sweden,,
34,mic_data_extractio_arm_1,mic_data_extraction,2,2,6,2,4,,,,USA,Australia,Canada,Netherlands,,,,,
35,mic_data_extractio_arm_1,mic_data_extraction,1,4,,,,,,,Austria,,,,,,,,
36,mic_data_extractio_arm_1,mic_data_extraction,1,4,,,,,,,Finland,,,,,,,,
37,mic_data_extractio_arm_1,mic_data_extraction,1,4,,,,,,,Spain,,,,,,,,
38,mic_data_extractio_arm_1,mic_data_extraction,1,2,,,,,,,Argentina,,,,,,,,
39,mic_data_extractio_arm_1,mic_data_extraction,1,2,2,2,2,,,,USA,USA,USA,USA,,,,,
40,mic_data_extractio_arm_1,mic_data_extraction,1,4,,,,,,,Belgium,,,,,,,,
41,mic_data_extractio_arm_1,mic_data_extraction,1,4,4,,,,,,Italy,Italy,,,,,,,
42,mic_data_extractio_arm_1,mic_data_extraction,1,4,,,,,,,France,,,,,,,,
43,mic_data_extractio_arm_1,mic_data_extraction,1,4,,,,,,,Portugal,,,,,,,,
44,mic_data_extractio_arm_1,mic_data_extraction,1,4,,,,,,,Portugal,,,,,,,,
45,mic_data_extractio_arm_1,mic_data_extraction,1,4,,,,,,,Spain,,,,,,,,
46,mic_data_extractio_arm_1,mic_data_extraction,1,6,2,2,2,4,4,4,Australia,Canada,Canada,Canada,Finland,Finland,Finland,,
46,mic_data_extractio_arm_1,mic_data_extraction,2,2,2,2,4,2,2,2,USA,USA,USA,Italy,USA,USA,USA,,
46,mic_data_extractio_arm_1,mic_data_extraction,3,4,4,4,2,4,4,4,Finland,Finland,Finland,USA,Finland,USA,Finland,,
46,mic_data_extractio_arm_1,mic_data_extraction,4,4,4,2,2,2,2,2,Finland,Finland,USA,USA,USA,Canada,USA,,
46,mic_data_extractio_arm_1,mic_data_extraction,5,2,4,4,2,4,2,4,Canada,Finland,Canada,USA,Norway,USA,Finland,,
46,mic_data_extractio_arm_1,mic_data_extraction,6,4,2,2,2,2,2,2,Finland,Canada,USA,USA,USA,USA,USA,,
46,mic_data_extractio_arm_1,mic_data_extraction,7,4,2,2,2,4,2,4,Finland,USA,USA,USA,UK,Canada,Sweden,,
46,mic_data_extractio_arm_1,mic_data_extraction,8,2,2,4,4,4,,,Canada,USA,Germany,Iceland,Sweden,,,,
47,mic_data_extractio_arm_1,mic_data_extraction,1,6,,,,,,,Japan,,,,,,,,
48,mic_data_extractio_arm_1,mic_data_extraction,1,6,6,6,6,,,,Japan,Japan,Japan,Japan,,,,,
49,mic_data_extractio_arm_1,mic_data_extraction,1,6,6,6,,,,,Japan,Japan,Japan,,,,,,
50,mic_data_extractio_arm_1,mic_data_extraction,1,1,,,,,,,Senegal,,,,,,,,
51,mic_data_extractio_arm_1,mic_data_extraction,1,2,,,,,,,Brazil,,,,,,,,
52,mic_data_extractio_arm_1,mic_data_extraction,1,2,,,,,,,USA,,,,,,,,
53,mic_data_extractio_arm_1,mic_data_extraction,1,2,4,,,,,,USA,"(not reported)",,,,,,,
54,mic_data_extractio_arm_1,mic_data_extraction,1,2,,,,,,,USA,,,,,,,,
55,mic_data_extractio_arm_1,mic_data_extraction,1,4,,,,,,,Serbia,,,,,,,,
56,mic_data_extractio_arm_1,mic_data_extraction,1,4,,,,,,,Serbia,,,,,,,,
58,mic_data_extractio_arm_1,mic_data_extraction,1,2,,,,,,,USA,,,,,,,,
59,mic_data_extractio_arm_1,mic_data_extraction,1,6,,,,,,,Japan,,,,,,,,
60,mic_data_extractio_arm_1,mic_data_extraction,1,6,6,,,,,,Japan,Japan,,,,,,,
61,mic_data_extractio_arm_1,mic_data_extraction,1,4,,,,,,,Germany,,,,,,,,
62,mic_data_extractio_arm_1,mic_data_extraction,1,4,4,,,,,,Austria,Spain,,,,,,,
63,mic_data_extractio_arm_1,mic_data_extraction,1,4,,,,,,,UK,,,,,,,,
64,mic_data_extractio_arm_1,mic_data_extraction,1,4,,,,,,,UK,,,,,,,,
65,mic_data_extractio_arm_1,mic_data_extraction,1,4,,,,,,,Poland,,,,,,,,
66,mic_data_extractio_arm_1,mic_data_extraction,1,2,2,2,2,2,,,Brazil,Brazil,Brazil,Brazil,Brazil,,,,
67,mic_data_extractio_arm_1,mic_data_extraction,1,4,4,4,4,4,4,4,Iceland,Iceland,Iceland,Iceland,Iceland,Iceland,Iceland,,
68,mic_data_extractio_arm_1,mic_data_extraction,1,4,4,4,4,4,4,4,Turkey,Turkey,Turkey,Turkey,Turkey,Turkey,Turkey,,
69,mic_data_extractio_arm_1,mic_data_extraction,1,4,,,,,,,Italy,,,,,,,,
70,mic_data_extractio_arm_1,mic_data_extraction,1,2,2,2,,,,,USA,USA,USA,,,,,,
71,mic_data_extractio_arm_1,mic_data_extraction,1,2,2,2,2,,,,USA,USA,USA,USA,,,,,
72,mic_data_extractio_arm_1,mic_data_extraction,1,4,,,,,,,Greece,,,,,,,,
73,mic_data_extractio_arm_1,mic_data_extraction,1,4,,,,,,,Poland,,,,,,,,
74,mic_data_extractio_arm_1,mic_data_extraction,1,4,,,,,,,Germany,,,,,,,,
75,mic_data_extractio_arm_1,mic_data_extraction,1,4,,,,,,,Italy,,,,,,,,
76,mic_data_extractio_arm_1,mic_data_extraction,1,2,,,,,,,Brazil,,,,,,,,
77,mic_data_extractio_arm_1,mic_data_extraction,1,5,5,5,,,,,India,India,India,,,,,,
78,mic_data_extractio_arm_1,mic_data_extraction,1,2,,,,,,,Argentina,,,,,,,,
79,mic_data_extractio_arm_1,mic_data_extraction,1,2,2,,,,,,USA,USA,,,,,,,
80,mic_data_extractio_arm_1,mic_data_extraction,1,4,4,4,,,,,Italy,Italy,Italy,,,,,,
81,mic_data_extractio_arm_1,mic_data_extraction,1,4,,,,,,,Spain,,,,,,,,
82,mic_data_extractio_arm_1,mic_data_extraction,1,4,,,,,,,Spain,,,,,,,,
83,mic_data_extractio_arm_1,mic_data_extraction,1,6,,,,,,,Japan,,,,,,,,
84,mic_data_extractio_arm_1,mic_data_extraction,1,6,,,,,,,China,,,,,,,,
85,mic_data_extractio_arm_1,mic_data_extraction,1,6,,,,,,,China,,,,,,,,
86,data_extraction_arm_2,sr_data_extraction,1,,,,,,,,,,,,,,,4,Spain
87,mic_data_extractio_arm_1,mic_data_extraction,1,5,,,,,,,India,,,,,,,,
88,mic_data_extractio_arm_1,mic_data_extraction,1,2,,,,,,,Mexico,,,,,,,,
89,data_extraction_arm_2,sr_data_extraction,1,,,,,,,,,,,,,,,4,Spain
90,data_extraction_arm_2,sr_data_extraction,1,,,,,,,,,,,,,,,4,Turkey
91,data_extraction_arm_2,sr_data_extraction,1,,,,,,,,,,,,,,,4,Germany
92,data_extraction_arm_2,sr_data_extraction,1,,,,,,,,,,,,,,,2,USA
93,mic_data_extractio_arm_1,mic_data_extraction,1,6,6,,,,,,Japan,Japan,,,,,,,
94,mic_data_extractio_arm_1,mic_data_extraction,1,4,,,,,,,Poland,,,,,,,,
95,data_extraction_arm_2,sr_data_extraction,1,,,,,,,,,,,,,,,3,Tunisia
96,data_extraction_arm_2,sr_data_extraction,1,,,,,,,,,,,,,,,2,USA
97,mic_data_extractio_arm_1,mic_data_extraction,1,6,,,,,,,China,,,,,,,,
98,data_extraction_arm_2,sr_data_extraction,1,,,,,,,,,,,,,,,4,Turkey
99,data_extraction_arm_2,sr_data_extraction,1,,,,,,,,,,,,,,,2,USA
100,data_extraction_arm_2,sr_data_extraction,1,,,,,,,,,,,,,,,4,(multiple)
101,data_extraction_arm_2,sr_data_extraction,1,,,,,,,,,,,,,,,4,multiple
102,data_extraction_arm_2,sr_data_extraction,1,,,,,,,,,,,,,,,6,Taiwan
103,data_extraction_arm_2,sr_data_extraction,1,,,,,,,,,,,,,,,2,USA
104,mic_data_extractio_arm_1,mic_data_extraction,1,2,,,,,,,USA,,,,,,,,
105,data_extraction_arm_2,sr_data_extraction,1,,,,,,,,,,,,,,,2,USA
106,data_extraction_arm_2,sr_data_extraction,1,,,,,,,,,,,,,,,2,USA
107,data_extraction_arm_2,sr_data_extraction,1,,,,,,,,,,,,,,,2,"(Not reported)"
108,mic_data_extractio_arm_1,mic_data_extraction,1,6,,,,,,,Japan,,,,,,,,
110,data_extraction_arm_2,sr_data_extraction,1,,,,,,,,,,,,,,,6,Japan
115,data_extraction_arm_2,sr_data_extraction,1,,,,,,,,,,,,,,,6,China
116,data_extraction_arm_2,sr_data_extraction,1,,,,,,,,,,,,,,,4,"Czech Rep"
116,data_extraction_arm_2,sr_data_extraction,2,,,,,,,,,,,,,,,4,Slovakia
116,data_extraction_arm_2,sr_data_extraction,3,,,,,,,,,,,,,,,4,Hungary
116,data_extraction_arm_2,sr_data_extraction,4,,,,,,,,,,,,,,,4,Poland
116,data_extraction_arm_2,sr_data_extraction,5,,,,,,,,,,,,,,,4,Romania
116,data_extraction_arm_2,sr_data_extraction,6,,,,,,,,,,,,,,,4,Estonia
116,data_extraction_arm_2,sr_data_extraction,7,,,,,,,,,,,,,,,4,Latvia
116,data_extraction_arm_2,sr_data_extraction,8,,,,,,,,,,,,,,,4,Lithuania
117,data_extraction_arm_2,sr_data_extraction,1,,,,,,,,,,,,,,,4,Turkey
119,data_extraction_arm_2,sr_data_extraction,1,,,,,,,,,,,,,,,4,Sweden
120,data_extraction_arm_2,sr_data_extraction,1,,,,,,,,,,,,,,,6,Japan
121,data_extraction_arm_2,sr_data_extraction,1,,,,,,,,,,,,,,,6,Taiwan
122,mic_data_extractio_arm_1,mic_data_extraction,1,6,,,,,,,Taiwan,,,,,,,,
123,data_extraction_arm_2,sr_data_extraction,1,,,,,,,,,,,,,,,6,Taiwan
124,data_extraction_arm_2,sr_data_extraction,1,,,,,,,,,,,,,,,2,USA
124,data_extraction_arm_2,sr_data_extraction,2,,,,,,,,,,,,,,,4,"(not reported)"
126,data_extraction_arm_2,sr_data_extraction,1,,,,,,,,,,,,,,,6,Japan
126,data_extraction_arm_2,sr_data_extraction,2,,,,,,,,,,,,,,,6,Japan
126,data_extraction_arm_2,sr_data_extraction,3,,,,,,,,,,,,,,,6,Japan
126,data_extraction_arm_2,sr_data_extraction,4,,,,,,,,,,,,,,,6,Japan
126,data_extraction_arm_2,sr_data_extraction,5,,,,,,,,,,,,,,,6,Japan
127,data_extraction_arm_2,sr_data_extraction,1,,,,,,,,,,,,,,,2,USA
130,data_extraction_arm_2,sr_data_extraction,1,,,,,,,,,,,,,,,6,Taiwan
131,data_extraction_arm_2,sr_data_extraction,1,,,,,,,,,,,,,,,3,multiple
131,data_extraction_arm_2,sr_data_extraction,2,,,,,,,,,,,,,,,1,Multiple
132,data_extraction_arm_2,sr_data_extraction,1,,,,,,,,,,,,,,,2,USA
133,mic_data_extractio_arm_1,mic_data_extraction,1,6,,,,,,,China,,,,,,,,
136,data_extraction_arm_2,sr_data_extraction,1,,,,,,,,,,,,,,,2,Argentina
137,data_extraction_arm_2,sr_data_extraction,1,,,,,,,,,,,,,,,2,USA
138,data_extraction_arm_2,sr_data_extraction,1,,,,,,,,,,,,,,,6,Japan
139,data_extraction_arm_2,sr_data_extraction,1,,,,,,,,,,,,,,,4,Portugal
141,data_extraction_arm_2,sr_data_extraction,1,,,,,,,,,,,,,,,6,Japan
142,data_extraction_arm_2,sr_data_extraction,1,,,,,,,,,,,,,,,6,Japan
143,data_extraction_arm_2,sr_data_extraction,1,,,,,,,,,,,,,,,6,Japan
144,data_extraction_arm_2,sr_data_extraction,1,,,,,,,,,,,,,,,4,Spain
145,data_extraction_arm_2,sr_data_extraction,1,,,,,,,,,,,,,,,4,Romania
148,data_extraction_arm_2,sr_data_extraction,1,,,,,,,,,,,,,,,4,Spain
150,data_extraction_arm_2,sr_data_extraction,1,,,,,,,,,,,,,,,2,USA
151,data_extraction_arm_2,sr_data_extraction,1,,,,,,,,,,,,,,,2,Brazil
152,data_extraction_arm_2,sr_data_extraction,1,,,,,,,,,,,,,,,4,Spain
152,data_extraction_arm_2,sr_data_extraction,2,,,,,,,,,,,,,,,4,Italy
152,data_extraction_arm_2,sr_data_extraction,3,,,,,,,,,,,,,,,4,Greece
152,data_extraction_arm_2,sr_data_extraction,4,,,,,,,,,,,,,,,4,Portugal
153,data_extraction_arm_2,sr_data_extraction,1,,,,,,,,,,,,,,,2,USA
155,data_extraction_arm_2,sr_data_extraction,1,,,,,,,,,,,,,,,6,Japan
156,data_extraction_arm_2,sr_data_extraction,1,,,,,,,,,,,,,,,2,USA
157,data_extraction_arm_2,sr_data_extraction,1,,,,,,,,,,,,,,,4,Germany
158,mic_data_extractio_arm_1,mic_data_extraction,1,6,,,,,,,Japan,,,,,,,,
160,data_extraction_arm_2,sr_data_extraction,1,,,,,,,,,,,,,,,1,Ethiopia
161,data_extraction_arm_2,sr_data_extraction,1,,,,,,,,,,,,,,,5,Nepal
162,data_extraction_arm_2,sr_data_extraction,1,,,,,,,,,,,,,,,5,India
162,data_extraction_arm_2,sr_data_extraction,2,,,,,,,,,,,,,,,5,India
162,data_extraction_arm_2,sr_data_extraction,3,,,,,,,,,,,,,,,5,India
162,data_extraction_arm_2,sr_data_extraction,4,,,,,,,,,,,,,,,5,India
163,data_extraction_arm_2,sr_data_extraction,1,,,,,,,,,,,,,,,2,"Costa Rica"
164,data_extraction_arm_2,sr_data_extraction,1,,,,,,,,,,,,,,,3,Pakistan
165,data_extraction_arm_2,sr_data_extraction,1,,,,,,,,,,,,,,,4,Turkey
166,data_extraction_arm_2,sr_data_extraction,1,,,,,,,,,,,,,,,2,Brazil
167,data_extraction_arm_2,sr_data_extraction,1,,,,,,,,,,,,,,,2,"Costa Rica"
168,data_extraction_arm_2,sr_data_extraction,1,,,,,,,,,,,,,,,3,Lebanon
169,data_extraction_arm_2,sr_data_extraction,1,,,,,,,,,,,,,,,2,USA
170,data_extraction_arm_2,sr_data_extraction,1,,,,,,,,,,,,,,,4,Spain
170,data_extraction_arm_2,sr_data_extraction,2,,,,,,,,,,,,,,,4,Spain
170,data_extraction_arm_2,sr_data_extraction,3,,,,,,,,,,,,,,,4,Spain
172,data_extraction_arm_2,sr_data_extraction,1,,,,,,,,,,,,,,,5,India
173,data_extraction_arm_2,sr_data_extraction,1,,,,,,,,,,,,,,,6,"New Zealand"
174,data_extraction_arm_2,sr_data_extraction,1,,,,,,,,,,,,,,,4,Russia
175,data_extraction_arm_2,sr_data_extraction,1,,,,,,,,,,,,,,,4,UK
176,data_extraction_arm_2,sr_data_extraction,1,,,,,,,,,,,,,,,2,USA
177,data_extraction_arm_2,sr_data_extraction,1,,,,,,,,,,,,,,,6,"South Korea"
178,data_extraction_arm_2,sr_data_extraction,1,,,,,,,,,,,,,,,3,Lebanon
178,data_extraction_arm_2,sr_data_extraction,2,,,,,,,,,,,,,,,3,Lebanon
178,data_extraction_arm_2,sr_data_extraction,3,,,,,,,,,,,,,,,3,Lebanon
179,data_extraction_arm_2,sr_data_extraction,1,,,,,,,,,,,,,,,6,Taiwan
180,data_extraction_arm_2,sr_data_extraction,1,,,,,,,,,,,,,,,6,China
181,data_extraction_arm_2,sr_data_extraction,1,,,,,,,,,,,,,,,5,India
182,data_extraction_arm_2,sr_data_extraction,1,,,,,,,,,,,,,,,4,Italy
182,data_extraction_arm_2,sr_data_extraction,2,,,,,,,,,,,,,,,4,Italy
182,data_extraction_arm_2,sr_data_extraction,3,,,,,,,,,,,,,,,4,Italy
183,data_extraction_arm_2,sr_data_extraction,1,,,,,,,,,,,,,,,2,Canada
184,data_extraction_arm_2,sr_data_extraction,1,,,,,,,,,,,,,,,4,Spain
185,data_extraction_arm_2,sr_data_extraction,1,,,,,,,,,,,,,,,2,Argentina
186,data_extraction_arm_2,sr_data_extraction,1,,,,,,,,,,,,,,,5,India
187,data_extraction_arm_2,sr_data_extraction,1,,,,,,,,,,,,,,,5,India
188,data_extraction_arm_2,sr_data_extraction,1,,,,,,,,,,,,,,,5,India
189,data_extraction_arm_2,sr_data_extraction,1,,,,,,,,,,,,,,,2,USA
190,data_extraction_arm_2,sr_data_extraction,1,,,,,,,,,,,,,,,4,Turkey
191,data_extraction_arm_2,sr_data_extraction,1,,,,,,,,,,,,,,,2,Brazil
192,data_extraction_arm_2,sr_data_extraction,1,,,,,,,,,,,,,,,6,China
193,data_extraction_arm_2,sr_data_extraction,1,,,,,,,,,,,,,,,5,Nepal
194,data_extraction_arm_2,sr_data_extraction,1,,,,,,,,,,,,,,,3,Tunisia
195,data_extraction_arm_2,sr_data_extraction,1,,,,,,,,,,,,,,,2,"Argentina, Brazil, Chile, Columbia, Mexico"
196,data_extraction_arm_2,sr_data_extraction,1,,,,,,,,,,,,,,,2,USA
198,data_extraction_arm_2,sr_data_extraction,1,,,,,,,,,,,,,,,6,China
199,data_extraction_arm_2,sr_data_extraction,1,,,,,,,,,,,,,,,4,Spain
199,data_extraction_arm_2,sr_data_extraction,2,,,,,,,,,,,,,,,4,Spain
200,data_extraction_arm_2,sr_data_extraction,1,,,,,,,,,,,,,,,4,Spain
201,data_extraction_arm_2,sr_data_extraction,1,,,,,,,,,,,,,,,2,USA
202,data_extraction_arm_2,sr_data_extraction,1,,,,,,,,,,,,,,,6,Japan
203,data_extraction_arm_2,sr_data_extraction,1,,,,,,,,,,,,,,,4,Belgium
204,data_extraction_arm_2,sr_data_extraction,1,,,,,,,,,,,,,,,3,"Multiple, breakdown not reported"
205,data_extraction_arm_2,sr_data_extraction,1,,,,,,,,,,,,,,,1,"South Africa"
206,data_extraction_arm_2,sr_data_extraction,1,,,,,,,,,,,,,,,6,China
207,data_extraction_arm_2,sr_data_extraction,1,,,,,,,,,,,,,,,1,Tanzania
208,data_extraction_arm_2,sr_data_extraction,1,,,,,,,,,,,,,,,4,Turkey
209,data_extraction_arm_2,sr_data_extraction,1,,,,,,,,,,,,,,,4,Spain
210,data_extraction_arm_2,sr_data_extraction,1,,,,,,,,,,,,,,,4,Germany
211,data_extraction_arm_2,sr_data_extraction,1,,,,,,,,,,,,,,,4,UK
212,data_extraction_arm_2,sr_data_extraction,1,,,,,,,,,,,,,,,2,USA/Canada
213,data_extraction_arm_2,sr_data_extraction,1,,,,,,,,,,,,,,,4,Serbia
214,data_extraction_arm_2,sr_data_extraction,1,,,,,,,,,,,,,,,4,"Spain, Germany, Italy, UK"
214,data_extraction_arm_2,sr_data_extraction,2,,,,,,,,,,,,,,,2,"Canada, Brazil, Colombia, USA"
215,data_extraction_arm_2,sr_data_extraction,1,,,,,,,,,,,,,,,4,Spain
216,data_extraction_arm_2,sr_data_extraction,1,,,,,,,,,,,,,,,1,Ethiopia
217,data_extraction_arm_2,sr_data_extraction,1,,,,,,,,,,,,,,,1,Ethiopia
218,data_extraction_arm_2,sr_data_extraction,1,,,,,,,,,,,,,,,2,Mexico
219,data_extraction_arm_2,sr_data_extraction,1,,,,,,,,,,,,,,,4,Spain
220,data_extraction_arm_2,sr_data_extraction,1,,,,,,,,,,,,,,,5,Thailand
221,data_extraction_arm_2,sr_data_extraction,1,,,,,,,,,,,,,,,,"Worldwide (25 countries)"
222,data_extraction_arm_2,sr_data_extraction,1,,,,,,,,,,,,,,,1,Ethiopia
223,data_extraction_arm_2,sr_data_extraction,1,,,,,,,,,,,,,,,4,Turkey
224,data_extraction_arm_2,sr_data_extraction,1,,,,,,,,,,,,,,,4,Sweden
225,data_extraction_arm_2,sr_data_extraction,1,,,,,,,,,,,,,,,6,Japan
226,data_extraction_arm_2,sr_data_extraction,1,,,,,,,,,,,,,,,3,Morocco
227,data_extraction_arm_2,sr_data_extraction,1,,,,,,,,,,,,,,,2,Canada
227,data_extraction_arm_2,sr_data_extraction,2,,,,,,,,,,,,,,,2,USA
228,data_extraction_arm_2,sr_data_extraction,1,,,,,,,,,,,,,,,6,China
229,data_extraction_arm_2,sr_data_extraction,1,,,,,,,,,,,,,,,6,China
230,data_extraction_arm_2,sr_data_extraction,1,,,,,,,,,,,,,,,4,Serbia
230,data_extraction_arm_2,sr_data_extraction,2,,,,,,,,,,,,,,,4,Serbia
231,data_extraction_arm_2,sr_data_extraction,1,,,,,,,,,,,,,,,3,Tunisia
232,data_extraction_arm_2,sr_data_extraction,1,,,,,,,,,,,,,,,6,China
233,data_extraction_arm_2,sr_data_extraction,1,,,,,,,,,,,,,,,2,"'North America'"
233,data_extraction_arm_2,sr_data_extraction,2,,,,,,,,,,,,,,,4,Europe
234,data_extraction_arm_2,sr_data_extraction,1,,,,,,,,,,,,,,,4,Germany
235,data_extraction_arm_2,sr_data_extraction,1,,,,,,,,,,,,,,,4,Germany
236,data_extraction_arm_2,sr_data_extraction,1,,,,,,,,,,,,,,,4,UK
237,data_extraction_arm_2,sr_data_extraction,1,,,,,,,,,,,,,,,4,Poland
237,data_extraction_arm_2,sr_data_extraction,2,,,,,,,,,,,,,,,4,Poland
237,data_extraction_arm_2,sr_data_extraction,3,,,,,,,,,,,,,,,4,Poland
237,data_extraction_arm_2,sr_data_extraction,4,,,,,,,,,,,,,,,4,Poland
237,data_extraction_arm_2,sr_data_extraction,5,,,,,,,,,,,,,,,4,Poland
238,data_extraction_arm_2,sr_data_extraction,1,,,,,,,,,,,,,,,2,USA
238,data_extraction_arm_2,sr_data_extraction,2,,,,,,,,,,,,,,,4,France
238,data_extraction_arm_2,sr_data_extraction,3,,,,,,,,,,,,,,,4,Germany
238,data_extraction_arm_2,sr_data_extraction,4,,,,,,,,,,,,,,,4,Italy
238,data_extraction_arm_2,sr_data_extraction,5,,,,,,,,,,,,,,,4,Spain
239,mic_data_extractio_arm_1,mic_data_extraction,1,4,,,,,,,Greece,,,,,,,,
240,data_extraction_arm_2,sr_data_extraction,1,,,,,,,,,,,,,,,4,Greece
241,data_extraction_arm_2,sr_data_extraction,1,,,,,,,,,,,,,,,4,Poland
242,data_extraction_arm_2,sr_data_extraction,1,,,,,,,,,,,,,,,6,China
242,data_extraction_arm_2,sr_data_extraction,2,,,,,,,,,,,,,,,6,China
242,data_extraction_arm_2,sr_data_extraction,3,,,,,,,,,,,,,,,6,China
242,data_extraction_arm_2,sr_data_extraction,4,,,,,,,,,,,,,,,6,China
242,data_extraction_arm_2,sr_data_extraction,5,,,,,,,,,,,,,,,6,China
243,data_extraction_arm_2,sr_data_extraction,1,,,,,,,,,,,,,,,1,Ethopia
244,data_extraction_arm_2,sr_data_extraction,1,,,,,,,,,,,,,,,3,Iran
245,data_extraction_arm_2,sr_data_extraction,1,,,,,,,,,,,,,,,6,"South Korea"
246,data_extraction_arm_2,sr_data_extraction,1,,,,,,,,,,,,,,,4,Turkey
247,data_extraction_arm_2,sr_data_extraction,1,,,,,,,,,,,,,,,4,Turkey
248,data_extraction_arm_2,sr_data_extraction,1,,,,,,,,,,,,,,,4,Turkey
249,mic_data_extractio_arm_1,mic_data_extraction,1,,,,,,,,Worldwide,,,,,,,,
250,data_extraction_arm_2,sr_data_extraction,1,,,,,,,,,,,,,,,4,Cyprus
251,data_extraction_arm_2,sr_data_extraction,1,,,,,,,,,,,,,,,4,Germany
252,data_extraction_arm_2,sr_data_extraction,1,,,,,,,,,,,,,,,4,Norway
252,data_extraction_arm_2,sr_data_extraction,2,,,,,,,,,,,,,,,4,Norway
253,data_extraction_arm_2,sr_data_extraction,1,,,,,,,,,,,,,,,4,Hungary
254,data_extraction_arm_2,sr_data_extraction,1,,,,,,,,,,,,,,,3,Tunisia
255,data_extraction_arm_2,sr_data_extraction,1,,,,,,,,,,,,,,,6,China
255,data_extraction_arm_2,sr_data_extraction,2,,,,,,,,,,,,,,,6,China
256,data_extraction_arm_2,sr_data_extraction,1,,,,,,,,,,,,,,,6,China
257,data_extraction_arm_2,sr_data_extraction,1,,,,,,,,,,,,,,,4,Switzerland
258,data_extraction_arm_2,sr_data_extraction,1,,,,,,,,,,,,,,,2,USA
259,data_extraction_arm_2,sr_data_extraction,1,,,,,,,,,,,,,,,6,China
260,data_extraction_arm_2,sr_data_extraction,1,,,,,,,,,,,,,,,5,India
261,data_extraction_arm_2,sr_data_extraction,1,,,,,,,,,,,,,,,2,Brazil
262,data_extraction_arm_2,sr_data_extraction,1,,,,,,,,,,,,,,,6,China
263,data_extraction_arm_2,sr_data_extraction,1,,,,,,,,,,,,,,,4,Denmark
264,data_extraction_arm_2,sr_data_extraction,1,,,,,,,,,,,,,,,4,France
265,data_extraction_arm_2,sr_data_extraction,1,,,,,,,,,,,,,,,2,Canada
266,data_extraction_arm_2,sr_data_extraction,1,,,,,,,,,,,,,,,5,India
267,data_extraction_arm_2,sr_data_extraction,1,,,,,,,,,,,,,,,4,Norway
267,data_extraction_arm_2,sr_data_extraction,2,,,,,,,,,,,,,,,4,Norway
268,data_extraction_arm_2,sr_data_extraction,1,,,,,,,,,,,,,,,4,Portugal
269,data_extraction_arm_2,sr_data_extraction,1,,,,,,,,,,,,,,,,Worldwide
270,data_extraction_arm_2,sr_data_extraction,1,,,,,,,,,,,,,,,2,Argentina
270,data_extraction_arm_2,sr_data_extraction,2,,,,,,,,,,,,,,,2,Brazil
270,data_extraction_arm_2,sr_data_extraction,3,,,,,,,,,,,,,,,2,Mexico
271,data_extraction_arm_2,sr_data_extraction,1,,,,,,,,,,,,,,,4,Greece
272,data_extraction_arm_2,sr_data_extraction,1,,,,,,,,,,,,,,,4,Greece
273,data_extraction_arm_2,sr_data_extraction,1,,,,,,,,,,,,,,,4,Poland
274,data_extraction_arm_2,sr_data_extraction,1,,,,,,,,,,,,,,,4,Spain
275,data_extraction_arm_2,sr_data_extraction,1,,,,,,,,,,,,,,,6,"Papua New Guinea"
276,data_extraction_arm_2,sr_data_extraction,1,,,,,,,,,,,,,,,6,Japan
277,data_extraction_arm_2,sr_data_extraction,1,,,,,,,,,,,,,,,4,Multiple
278,data_extraction_arm_2,sr_data_extraction,1,,,,,,,,,,,,,,,6,China
279,data_extraction_arm_2,sr_data_extraction,1,,,,,,,,,,,,,,,1,Zambia
280,data_extraction_arm_2,sr_data_extraction,1,,,,,,,,,,,,,,,1,Algeria
281,data_extraction_arm_2,sr_data_extraction,1,,,,,,,,,,,,,,,4,Norway
282,data_extraction_arm_2,sr_data_extraction,1,,,,,,,,,,,,,,,5,India
283,data_extraction_arm_2,sr_data_extraction,1,,,,,,,,,,,,,,,1,Zimbabwe
284,data_extraction_arm_2,sr_data_extraction,1,,,,,,,,,,,,,,,4,Poland
285,data_extraction_arm_2,sr_data_extraction,1,,,,,,,,,,,,,,,4,Germany
286,data_extraction_arm_2,sr_data_extraction,1,,,,,,,,,,,,,,,6,Taiwan
287,data_extraction_arm_2,sr_data_extraction,1,,,,,,,,,,,,,,,2,Mexico
288,data_extraction_arm_2,sr_data_extraction,1,,,,,,,,,,,,,,,4,Greece
289,data_extraction_arm_2,sr_data_extraction,1,,,,,,,,,,,,,,,4,Italy
290,data_extraction_arm_2,sr_data_extraction,1,,,,,,,,,,,,,,,2,USA
291,data_extraction_arm_2,sr_data_extraction,1,,,,,,,,,,,,,,,,"USA, Europe"
292,data_extraction_arm_2,sr_data_extraction,1,,,,,,,,,,,,,,,,"Europe, USA"
293,data_extraction_arm_2,sr_data_extraction,1,,,,,,,,,,,,,,,4,"Europe and adjacent"
294,data_extraction_arm_2,sr_data_extraction,1,,,,,,,,,,,,,,,4,Portugal
295,data_extraction_arm_2,sr_data_extraction,1,,,,,,,,,,,,,,,4,France
296,data_extraction_arm_2,sr_data_extraction,1,,,,,,,,,,,,,,,2,USA
297,data_extraction_arm_2,sr_data_extraction,1,,,,,,,,,,,,,,,5,Nepal
298,data_extraction_arm_2,sr_data_extraction,1,,,,,,,,,,,,,,,5,India
299,data_extraction_arm_2,sr_data_extraction,1,,,,,,,,,,,,,,,5,India
300,data_extraction_arm_2,sr_data_extraction,1,,,,,,,,,,,,,,,,Worldwide
301,data_extraction_arm_2,sr_data_extraction,1,,,,,,,,,,,,,,,3,Lebanon
302,data_extraction_arm_2,sr_data_extraction,1,,,,,,,,,,,,,,,4,Germany
303,data_extraction_arm_2,sr_data_extraction,1,,,,,,,,,,,,,,,4,Portugal
304,data_extraction_arm_2,sr_data_extraction,1,,,,,,,,,,,,,,,5,Nepal
305,data_extraction_arm_2,sr_data_extraction,1,,,,,,,,,,,,,,,1,Ethiopia
306,data_extraction_arm_2,sr_data_extraction,1,,,,,,,,,,,,,,,4,Spain
307,data_extraction_arm_2,sr_data_extraction,1,,,,,,,,,,,,,,,4,Germany
308,data_extraction_arm_2,sr_data_extraction,1,,,,,,,,,,,,,,,1,Nigeria
309,data_extraction_arm_2,sr_data_extraction,1,,,,,,,,,,,,,,,2,USA
310,data_extraction_arm_2,sr_data_extraction,1,,,,,,,,,,,,,,,2,USA
311,data_extraction_arm_2,sr_data_extraction,1,,,,,,,,,,,,,,,6,Multiple
312,data_extraction_arm_2,sr_data_extraction,1,,,,,,,,,,,,,,,2,USA
313,data_extraction_arm_2,sr_data_extraction,1,,,,,,,,,,,,,,,3,Iran
314,data_extraction_arm_2,sr_data_extraction,1,,,,,,,,,,,,,,,2,Brazil
315,data_extraction_arm_2,sr_data_extraction,1,,,,,,,,,,,,,,,4,Finland
316,data_extraction_arm_2,sr_data_extraction,1,,,,,,,,,,,,,,,4,Bulgaria
317,data_extraction_arm_2,sr_data_extraction,1,,,,,,,,,,,,,,,5,India
318,data_extraction_arm_2,sr_data_extraction,1,,,,,,,,,,,,,,,5,India
319,data_extraction_arm_2,sr_data_extraction,1,,,,,,,,,,,,,,,3,"Saudi Arabia"
320,data_extraction_arm_2,sr_data_extraction,1,,,,,,,,,,,,,,,3,"Saudi Arabia"
321,data_extraction_arm_2,sr_data_extraction,1,,,,,,,,,,,,,,,4,Norway
322,mic_data_extractio_arm_1,mic_data_extraction,1,2,,,,,,,Argentina,,,,,,,,
323,data_extraction_arm_2,sr_data_extraction,1,,,,,,,,,,,,,,,6,China
324,data_extraction_arm_2,sr_data_extraction,1,,,,,,,,,,,,,,,5,Thailand
325,data_extraction_arm_2,sr_data_extraction,1,,,,,,,,,,,,,,,6,Australia
326,data_extraction_arm_2,sr_data_extraction,1,,,,,,,,,,,,,,,6,Japan
327,data_extraction_arm_2,sr_data_extraction,1,,,,,,,,,,,,,,,6,China
327,data_extraction_arm_2,sr_data_extraction,2,,,,,,,,,,,,,,,6,China
327,data_extraction_arm_2,sr_data_extraction,3,,,,,,,,,,,,,,,6,China
328,data_extraction_arm_2,sr_data_extraction,1,,,,,,,,,,,,,,,6,China
329,data_extraction_arm_2,sr_data_extraction,1,,,,,,,,,,,,,,,6,China
330,data_extraction_arm_2,sr_data_extraction,1,,,,,,,,,,,,,,,4,Poland
331,data_extraction_arm_2,sr_data_extraction,1,,,,,,,,,,,,,,,1,Ethiopia
332,data_extraction_arm_2,sr_data_extraction,1,,,,,,,,,,,,,,,5,Nepal
333,data_extraction_arm_2,sr_data_extraction,1,,,,,,,,,,,,,,,6,Japan
334,data_extraction_arm_2,sr_data_extraction,1,,,,,,,,,,,,,,,4,Turkey
335,data_extraction_arm_2,sr_data_extraction,1,,,,,,,,,,,,,,,4,Turkey
336,data_extraction_arm_2,sr_data_extraction,1,,,,,,,,,,,,,,,4,Turkey
337,data_extraction_arm_2,sr_data_extraction,1,,,,,,,,,,,,,,,4,Spain
338,data_extraction_arm_2,sr_data_extraction,1,,,,,,,,,,,,,,,2,Mexico
338,data_extraction_arm_2,sr_data_extraction,2,,,,,,,,,,,,,,,2,USA
339,data_extraction_arm_2,sr_data_extraction,1,,,,,,,,,,,,,,,2,USA
340,data_extraction_arm_2,sr_data_extraction,1,,,,,,,,,,,,,,,6,Japan
341,data_extraction_arm_2,sr_data_extraction,1,,,,,,,,,,,,,,,4,Sweden
342,data_extraction_arm_2,sr_data_extraction,1,,,,,,,,,,,,,,,6,Taiwan
343,data_extraction_arm_2,sr_data_extraction,1,,,,,,,,,,,,,,,6,China
344,data_extraction_arm_2,sr_data_extraction,1,,,,,,,,,,,,,,,6,Japan
345,data_extraction_arm_2,sr_data_extraction,1,,,,,,,,,,,,,,,6,Japan
346,data_extraction_arm_2,sr_data_extraction,1,,,,,,,,,,,,,,,6,Japan
347,data_extraction_arm_2,sr_data_extraction,1,,,,,,,,,,,,,,,6,Japan
348,data_extraction_arm_2,sr_data_extraction,1,,,,,,,,,,,,,,,6,China
348,data_extraction_arm_2,sr_data_extraction,2,,,,,,,,,,,,,,,6,China
348,data_extraction_arm_2,sr_data_extraction,3,,,,,,,,,,,,,,,6,China
348,data_extraction_arm_2,sr_data_extraction,4,,,,,,,,,,,,,,,6,China
348,data_extraction_arm_2,sr_data_extraction,5,,,,,,,,,,,,,,,6,China
348,data_extraction_arm_2,sr_data_extraction,6,,,,,,,,,,,,,,,6,China
349,data_extraction_arm_2,sr_data_extraction,1,,,,,,,,,,,,,,,2,USA
350,data_extraction_arm_2,sr_data_extraction,1,,,,,,,,,,,,,,,4,Greece
351,data_extraction_arm_2,sr_data_extraction,1,,,,,,,,,,,,,,,3,Pakistan
352,data_extraction_arm_2,sr_data_extraction,1,,,,,,,,,,,,,,,4,Switzerland
353,data_extraction_arm_2,sr_data_extraction,1,,,,,,,,,,,,,,,1,Ethiopia
354,data_extraction_arm_2,sr_data_extraction,1,,,,,,,,,,,,,,,6,China
355,data_extraction_arm_2,sr_data_extraction,1,,,,,,,,,,,,,,,6,China
356,data_extraction_arm_2,sr_data_extraction,1,,,,,,,,,,,,,,,4,France
357,data_extraction_arm_2,sr_data_extraction,1,,,,,,,,,,,,,,,4,Israel
358,data_extraction_arm_2,sr_data_extraction,1,,,,,,,,,,,,,,,2,Chile
358,data_extraction_arm_2,sr_data_extraction,2,,,,,,,,,,,,,,,2,Chile
