alpha_3_code,mean_grp,mean_mic,sd_mic,n,n_studies,mean_hi,mean_lo,change,se_change,ci_lo_change,ci_hi_change,percent_change,grpid,facet_grp,country_n,prop,global_n,entity,year,who_region
ARG,1,0.02694356005788712,0.00761470724572222,691,2,0.02637480569312482,0.027512314422649422,NA,NA,NA,NA,NA,1,1,734,0.94141689373297,NA,Argentina,2020,Americas
ARG,2,0.007767441860465117,4.2746257437545847e-4,43,2,0.007635888297776001,0.007898995423154231,-0.019176118197422005,2.9692125645506347e-4,-0.019759035679956165,-0.018593200714887844,-71,1,1,734,0.05858310626702997,NA,Argentina,2020,Americas
AUS,1,0.016,NA,1,1,NA,NA,NA,NA,NA,NA,NA,2,1,79,0.012658227848101266,NA,Australia,2020,Western Pacific
AUS,2,0.012756410256410257,0.0032878599894191523,78,1,0.012015112370921352,0.013497708141899161,-0.0032435897435897434,NA,NA,NA,-20,2,1,79,0.9873417721518988,NA,Australia,2020,Western Pacific
AUT,1,0.02776357827476038,0.005137377109495421,313,3,0.027192224214072518,0.028334932335448246,NA,NA,NA,NA,NA,3,1,1084,0.2887453874538745,NA,Austria,2020,Europe
AUT,2,0.02928664072632944,0.003899326015601876,771,3,0.02901096810482608,0.0295623133478328,0.0015230624515690586,3.2255596950878925e-4,8.901570446118055e-4,0.0021559678585263116,5,3,1,1084,0.7112546125461254,NA,Austria,2020,Europe
BEL,1,0.013072463768115942,0.003149784495801494,69,1,0.012315802914585576,0.013829124621646307,NA,NA,NA,NA,NA,4,1,85,0.8117647058823529,NA,Belgium,2020,Europe
BEL,2,0.01,0,16,1,0.01,0.01,-0.0030724637681159416,3.791894935633923e-4,-0.0038265236606317265,-0.0023184038756001567,-24,4,1,85,0.18823529411764706,NA,Belgium,2020,Europe
BRA,1,0.01,0,211,1,0.01,0.01,NA,NA,NA,NA,NA,5,1,2710,0.07785977859778598,NA,Brazil,2020,Americas
BRA,2,0.02737094837935174,0.00750732577507936,2499,3,0.027076465056694567,0.027665431702008914,0.01737094837935174,1.501765538164824e-4,0.01707647617516671,0.017665420583536772,174,5,1,2710,0.9221402214022141,NA,Brazil,2020,Americas
CAN,1,0.02295203171456888,6.293092198842184e-4,1009,2,0.02291315510457458,0.022990908324563183,NA,NA,NA,NA,NA,6,1,1271,0.7938630999213218,NA,Canada,2020,Americas
CAN,2,0.009454961832061069,0.00286268672507034,262,1,0.00910671290506979,0.009803210759052348,-0.013497069882507812,1.7796356155471685e-4,-0.013846204788859293,-0.013147934976156331,-59,6,1,1271,0.20613690007867821,NA,Canada,2020,Americas
CHE,1,0.008,0,114,1,0.008,0.008,NA,NA,NA,NA,NA,7,1,121,0.9421487603305785,NA,Switzerland,2020,Europe
CHE,2,0.015,0,7,1,0.015,0.015,0.006999999999999999,0,0.006999999999999999,0.006999999999999999,87,7,1,121,0.05785123966942149,NA,Switzerland,2020,Europe
CHN,1,0.1165057915057915,0.02942028655370471,259,3,0.11290591875716208,0.12010566425442093,NA,NA,NA,NA,NA,8,1,601,0.43094841930116473,NA,China,2020,Western Pacific
CHN,2,0.008,0,342,1,0.008,0.008,-0.10850579150579151,0.0018280876571563748,-0.11209601969502098,-0.10491556331656204,-93,8,1,601,0.5690515806988353,NA,China,2020,Western Pacific
DEU,1,0.016,NA,1,1,NA,NA,NA,NA,NA,NA,NA,9,1,836,0.0011961722488038277,NA,Germany,2020,Europe
DEU,2,0.02397125748502994,0.008379439134894204,835,3,0.023402076310664193,0.024540438659395685,0.007971257485029939,NA,NA,NA,50,9,1,836,0.9988038277511961,NA,Germany,2020,Europe
ESP,1,0.024089285714285712,0.021328604533430547,1344,7,0.022947978737203095,0.02523059269136833,NA,NA,NA,NA,NA,12,1,5449,0.24665076160763444,NA,Spain,2020,Europe
ESP,2,0.026704019488428744,0.005216309884442861,4105,3,0.026544401072834917,0.02686363790402257,0.002614733774143032,5.874544317402431e-4,0.0014630883889775335,0.00376637915930853,11,12,1,5449,0.7533492383923656,NA,Spain,2020,Europe
FIN,1,0.027702247191011234,0.005459257984970209,178,3,0.026894730832181118,0.02850976354984135,NA,NA,NA,NA,NA,13,1,188,0.9468085106382979,NA,Finland,2020,Europe
FIN,2,0.01646,0.0034843140565173564,10,1,0.013967471877099647,0.01895252812290035,-0.011242247191011235,0.0011753636990491662,-0.013560923635667813,-0.008923570746354657,-41,13,1,188,0.05319148936170213,NA,Finland,2020,Europe
FRA,1,0.015292397660818713,0.0016579903108634025,684,3,0.015167925475727836,0.01541686984590959,NA,NA,NA,NA,NA,14,1,804,0.8507462686567164,NA,France,2020,Europe
FRA,2,0.013891666666666667,0.0025660872786342683,120,2,0.013427826987820368,0.014355506345512966,-0.0014007309941520465,2.426773006630461e-4,-0.001877087758756562,-9.243742295475309e-4,-9,14,1,804,0.14925373134328357,NA,France,2020,Europe
GBR,1,0.012096385542168674,0.003793501485854941,166,4,0.011515043952790845,0.012677727131546503,NA,NA,NA,NA,NA,15,1,393,0.4223918575063613,NA,United Kingdom,2020,Europe
GBR,2,0.015004405286343612,6.637233115999726e-5,227,2,0.014995724598049855,0.01501308597463737,0.0029080197441749382,2.944657712237018e-4,0.0023290899945023896,0.003486949493847487,24,15,1,393,0.5776081424936387,NA,United Kingdom,2020,Europe
GRC,1,0.004,0,49,1,0.004,0.004,NA,NA,NA,NA,NA,16,1,378,0.12962962962962962,NA,Greece,2020,Europe
GRC,2,0.009170212765957447,0.0026158919135493954,329,2,0.008886502270976718,0.009453923260938177,0.005170212765957447,1.4421878962454703e-4,0.004886638765261752,0.005453786766653142,129,16,1,378,0.8703703703703703,NA,Greece,2020,Europe
HKG,1,0.008,0,25,1,0.008,0.008,NA,NA,NA,NA,NA,17,1,51,0.49019607843137253,NA,Hong Kong,NA,Unclassifed
HKG,2,0.015,0,26,1,0.015,0.015,0.006999999999999999,0,0.006999999999999999,0.006999999999999999,87,17,1,51,0.5098039215686274,NA,Hong Kong,NA,Unclassifed
HUN,1,0.027187214611872144,0.007363225074003083,219,1,0.026206569558028497,0.02816785966571579,NA,NA,NA,NA,NA,19,1,534,0.4101123595505618,NA,Hungary,2020,Europe
HUN,2,0.015,0,315,1,0.015,0.015,-0.012187214611872145,4.975606408072204e-4,-0.01316463503785665,-0.01120979418588764,-45,19,1,534,0.5898876404494382,NA,Hungary,2020,Europe
IND,1,0.03,0,78,1,0.03,0.03,NA,NA,NA,NA,NA,21,1,284,0.2746478873239437,NA,India,2020,South-East Asia
IND,2,0.016,0,206,1,0.016,0.016,-0.013999999999999999,0,-0.013999999999999999,-0.013999999999999999,-47,21,1,284,0.7253521126760564,NA,India,2020,South-East Asia
ISL,1,0.0179,0.005506561742341787,10,1,0.013960843029461947,0.02183915697053805,NA,NA,NA,NA,NA,22,1,16,0.625,NA,Iceland,2020,Europe
ISL,2,0.014,0.0021908902300206644,6,1,0.011700801709516404,0.016299198290483596,-0.003899999999999999,0.0019576062480034695,-0.00807253894769197,2.7253894769197276e-4,-22,22,1,16,0.375,NA,Iceland,2020,Europe
ITA,1,0.029537958115183244,0.01340429215166948,1528,3,0.02886533053540028,0.030210585694966208,NA,NA,NA,NA,NA,24,2,2351,0.6499361973628244,NA,Italy,2020,Europe
ITA,2,0.041810449574726606,0.021784792071826663,823,4,0.04031991679981679,0.04330098234963642,0.012272491459543362,8.332054691605101e-4,0.010638597220402456,0.013906385698684267,42,24,2,2351,0.3500638026371757,NA,Italy,2020,Europe
JPN,1,0.01598299221677717,0.011117692402397286,3469,2,0.015612898089577724,0.016353086343976617,NA,NA,NA,NA,NA,25,2,5984,0.5797125668449198,NA,Japan,2020,Western Pacific
JPN,2,0.01218131212723658,0.0039925010091254815,2515,7,0.012025201211777215,0.012337423042695946,-0.00380168008954059,2.0486276228281087e-4,-0.004203284970030842,-0.0034000752090503385,-24,25,2,5984,0.4202874331550802,NA,Japan,2020,Western Pacific
MEX,1,0.010253424657534246,0.003281739748524094,146,1,0.009716620781904085,0.010790228533164407,NA,NA,NA,NA,NA,28,2,343,0.42565597667638483,NA,Mexico,2020,Americas
MEX,2,0.032,0,197,1,0.032,0.032,0.021746575342465754,2.715987140738994e-4,0.021212361138073007,0.0222807895468585,212,28,2,343,0.5743440233236151,NA,Mexico,2020,Americas
NLD,1,0.013532258064516129,0.00287281059577484,62,1,0.012802700777496566,0.014261815351535692,NA,NA,NA,NA,NA,29,2,204,0.30392156862745096,NA,Netherlands,2020,Europe
NLD,2,0.015,0,142,1,0.015,0.015,0.0014677419354838708,3.648473105108976e-4,7.483656165383365e-4,0.002187118254429405,11,29,2,204,0.696078431372549,NA,Netherlands,2020,Europe
NOR,1,0.015,0,98,1,0.015,0.015,NA,NA,NA,NA,NA,30,2,99,0.98989898989899,NA,Norway,2020,Europe
NOR,2,0.016,NA,1,1,NA,NA,0.0010000000000000009,NA,NA,NA,7,30,2,99,0.010101010101010102,NA,Norway,2020,Europe
POL,1,0.014184466019417476,0.0022567874651924324,103,3,0.013743400390911802,0.01462553164792315,NA,NA,NA,NA,NA,31,2,500,0.206,NA,Poland,2020,Europe
POL,2,0.015,0,397,2,0.015,0.015,8.155339805825234e-4,2.2236787640482844e-4,3.7864127819843926e-4,0.0012524266829666076,6,31,2,500,0.794,NA,Poland,2020,Europe
PRT,1,0.012,0,302,1,0.012,0.012,NA,NA,NA,NA,NA,32,2,557,0.5421903052064632,NA,Portugal,2020,Europe
PRT,2,0.014682352941176471,0.00297315455117596,255,2,0.014315687684741629,0.015049018197611314,0.002682352941176471,1.8618616010967513e-4,0.0023166386744266658,0.003048067207926276,22,32,2,557,0.4578096947935368,NA,Portugal,2020,Europe
SRB,1,0.03,0,3113,2,0.03,0.03,NA,NA,NA,NA,NA,35,2,5282,0.5893600908746687,NA,Serbia,2020,Europe
SRB,2,0.03,0,2169,1,0.03,0.03,0,0,0,0,0,35,2,5282,0.4106399091253313,NA,Serbia,2020,Europe
SWE,1,0.015003436426116838,5.862103817605497e-5,291,3,0.014996672928191058,0.015010199924042619,NA,NA,NA,NA,NA,38,2,553,0.5262206148282098,NA,Sweden,2020,Europe
SWE,2,0.014335877862595419,0.0020626608824670578,262,2,0.014084952942039052,0.014586802783151786,-6.675585635214192e-4,1.2747794122108778e-4,-9.179597681996125e-4,-4.171573588432258e-4,-4,38,2,553,0.47377938517179025,NA,Sweden,2020,Europe
TUR,1,0.013425,0.0029291851295219547,240,2,0.013052527625472377,0.013797472374527622,NA,NA,NA,NA,NA,39,2,462,0.5194805194805194,NA,Turkey,2020,Europe
TUR,2,0.03,0,222,1,0.03,0.03,0.016575,1.8907808707661577e-4,0.01620343826139699,0.016946561738603007,123,39,2,462,0.4805194805194805,NA,Turkey,2020,Europe
USA,1,0.016879652605459056,0.006998964102830324,806,2,0.016395739038936635,0.017363566171981478,NA,NA,NA,NA,NA,41,2,3968,0.203125,NA,United States,2020,Americas
USA,2,0.015138330170777987,0.009445697453038823,3162,9,0.014808972703948372,0.015467687637607603,-0.001741322434681069,2.98316528465828e-4,-0.0023261905336607125,-0.0011564543357014253,-10,41,2,3968,0.796875,NA,United States,2020,Americas
UNCLASSIFIED,1,0.008,0,2164,3,0.008,0.008,NA,NA,NA,NA,NA,43,2,2446,0.884709730171709,NA,UNCLASSIFIED,NA,Unclassifed
UNCLASSIFIED,2,0.015191489361702127,0.0010004617696621181,282,1,0.015074216212763189,0.015308762510641066,0.007191489361702127,5.957663140075901e-5,0.007074663477227349,0.007308315246176905,90,43,2,2446,0.11529026982829109,NA,UNCLASSIFIED,NA,Unclassifed
GLOBAL,1,0.023626965677560507,0.010856302953959751,14626,23,0.02345101003261373,0.023802921322507286,NA,NA,NA,NA,NA,44,2,NA,0.36807006064876563,39737,GLOBAL,NA,Unclassifed
GLOBAL,2,0.021523149217474412,0.017123798295788986,25111,48,0.02131134377025025,0.021734954664698575,-0.0021038164600860956,1.4048251766123177e-4,-0.0023791655223302957,-0.0018284673978418958,-9,44,2,NA,0.6319299393512343,39737,GLOBAL,NA,Unclassifed
