record_id,redcap_event_name,redcap_repeat_instrument,redcap_repeat_instance,author,pub_yr,isolate_yr,who,country,count,mic50_1,mic90_1,micnos_1
1,mic_data_extractio_arm_1,mic_data_extraction,1,Abd El-Ghany,2015,2014,3,Egypt,1,,,0.015
1,mic_data_extractio_arm_1,mic_data_extraction,2,Abd El Ghany,2015,2014,3,Egypt,3,,,0.03
1,mic_data_extractio_arm_1,mic_data_extraction,3,Abd El Ghany,2015,2014,3,Egypt,3,,,0.06
1,mic_data_extractio_arm_1,mic_data_extraction,4,Abd El Ghany,2015,2014,3,Egypt,53,,,0.12
2,mic_data_extractio_arm_1,mic_data_extraction,1,Arhin,2009,2006,,(unknown),7,,,0.008
2,,,,Arhin,2009,2006,,(unknown),1,,,0.06
2,,,,Arhin,2009,2006,,(unknown),2,,,0.016
3,mic_data_extractio_arm_1,mic_data_extraction,1,Bandak,2000,1999,4,France,185,0.015,0.015,
3,,,,Bandak,2000,1999,4,Italy,290,0.015,0.015,
3,,,,Bandak,2000,1999,4,Spain,199,0.015,0.015,
3,,,,Bandak,2000,1999,4,Sweden,190,0.015,0.015,
3,,,,Bandak,2000,1999,4,Turkey,186,0.015,0.015,
4,mic_data_extractio_arm_1,mic_data_extraction,1,Beekmann,2005,2003,4,UK,226,,0.015,
4,,,,Beekmann,2005,2003,4,Norway,98,,0.015,
4,,,,Beekmann,2005,2003,4,Sweden,189,,0.015,
4,,,,Beekmann,2005,2003,4,Denmark,54,,0.015,
4,,,,Beekmann,2005,2003,4,Finland,23,,0.015,
4,,,,Beekmann,2005,2003,4,Germany,157,,0.015,
4,,,,Beekmann,2005,2003,4,Netherlands,142,,0.015,
4,mic_data_extractio_arm_1,mic_data_extraction,2,Beekmann,2005,2003,4,Switzerland,7,,0.015,
4,,,,Beekmann,2005,2003,4,France,101,,0.015,
4,,,,Beekmann,2005,2003,4,Spain,229,,0.015,
4,,,,Beekmann,2005,2003,4,Poland,95,,0.015,
4,,,,Beekmann,2005,2003,4,Slovak Republic,97,,0.015,
4,,,,Beekmann,2005,2003,4,Hungary,315,,0.015,
4,,,,Beekmann,2005,2003,4,Croatia,94,,0.015,
4,mic_data_extractio_arm_1,mic_data_extraction,3,Beekmann,2005,2003,4,Slovenia,99,,0.015,
4,,,,Beekmann,2005,2003,4,Italy,246,,0.015,
4,,,,Beekmann,2005,2003,4,Greece,55,,0.015,
4,,,,Beekmann,2005,2003,6,Hong Kong,26,,0.015,
4,,,,Beekmann,2005,2003,6,Singapore,63,,0.015,
4,,,,Beekmann,2005,2003,1,South Africa,170,,0.015,
5,mic_data_extractio_arm_1,mic_data_extraction,1,Benouda,2009,2006,3,Morocco,21,,,0.008
5,,,,Benouda,2009,2006,3,Morocco,32,,,0.016
5,,,,Benouda,2009,2006,3,Morocco,12,,,0.032
6,mic_data_extractio_arm_1,mic_data_extraction,1,Berger-Jekic,1997,1987,4,Serbia,1879,0.015,0.03,
7,mic_data_extractio_arm_1,mic_data_extraction,1,Betriu,2000,2000,4,Spain,117,0.008,0.01,
8,mic_data_extractio_arm_1,mic_data_extraction,1,Blondeau,1999,1996,2,Canada,1003,0.016,0.023,
9,mic_data_extractio_arm_1,mic_data_extraction,1,Buxbaum,2004,1996,4,Austria,64,0.01,0.03,
9,,,,Buxbaum,2004,1998,4,Austria,62,0.01,0.03,
9,,,,Buxbaum,2004,2000,4,Austria,150,0.01,0.03,
9,,,,Buxbaum,2004,2002,4,Austria,223,0.01,0.03,
10,mic_data_extractio_arm_1,mic_data_extraction,1,Buxbaum,2003,2001,4,Austria,223,0.015,0.03,
11,mic_data_extractio_arm_1,mic_data_extraction,1,Calvo,2003,1999,4,Spain,210,0.06,0.06,
12,mic_data_extractio_arm_1,mic_data_extraction,1,Campbell,1996,1994,2,USA,4,,0.008,
13,mic_data_extractio_arm_1,mic_data_extraction,1,Canton,2002,2000,6,Hong Kong,25,,,0.008
13,,,,Canton,2002,2000,6,Japan,117,,,0.008
13,,,,Canton,2002,2000,6,Japan,1,,,0.015
13,,,,Canton,2002,2000,6,Japan,2,,,0.03
13,,,,Canton,2002,2000,6,South Korea,57,,,0.008
13,,,,Canton,2002,2000,6,Australia,25,,,0.008
13,,,,Canton,2002,2000,5,Indonesia,6,,,0.008
13,mic_data_extractio_arm_1,mic_data_extraction,2,Canton,2002,2000,4,Hungary,28,,,0.008
13,,,,Canton,2002,2000,4,Poland,12,,,0.008
13,,,,Canton,2002,2000,4,Turkey,53,,,0.008
13,,,,Canton,2002,2000,4,Turkey,1,,,0.015
13,,,,Canton,2002,2000,4,Austria,23,,,0.008
13,,,,Canton,2002,2000,4,Austria,2,,,0.015
13,,,,Canton,2002,2000,4,Belgium,19,,,0.008
13,mic_data_extractio_arm_1,mic_data_extraction,3,Canton,2002,2000,4,France,31,,,0.008
13,,,,Canton,2002,2000,4,Germany,85,,,0.008
13,,,,Canton,2002,2000,4,Germany,2,,,0.015
13,,,,Canton,2002,2000,4,Italy,49,,,0.008
13,,,,Canton,2002,2000,4,Netherlands,13,,,0.008
13,,,,Canton,2002,2000,4,Portugal,42,,,0.008
13,,,,Canton,2002,2000,4,Spain,51,,,0.008
13,mic_data_extractio_arm_1,mic_data_extraction,4,Canton,2002,2000,4,Spain,1,,,0.015
13,,,,Canton,2002,2000,4,Sweden,25,,,0.008
13,,,,Canton,2002,2000,4,Switzerland,114,,,0.008
13,,,,Canton,2002,2000,4,United Kingdom,42,,,0.008
13,,,,Canton,2002,2000,2,Argentina,33,,,0.008
13,,,,Canton,2002,2000,2,Brazil,145,,,0.008
13,,,,Canton,2002,2000,2,Mexico,98,,,0.008
13,mic_data_extractio_arm_1,mic_data_extraction,5,Canton,2002,2000,2,Mexico,1,,,0.015
13,,,,Canton,2002,2000,2,Canada,207,,,0.008
13,,,,Canton,2002,2000,2,Canada,1,,,0.015
13,,,,Canton,2002,2000,2,USA,173,,,0.008
13,,,,Canton,2002,2000,2,USA,1,,,0.015
14,mic_data_extractio_arm_1,mic_data_extraction,1,Cellesi,1996,1993,4,Italy,6,,,0.015
14,mic_data_extractio_arm_1,mic_data_extraction,2,Cellesi,1996,1993,4,Italy,131,,,0.03
14,mic_data_extractio_arm_1,mic_data_extraction,3,Cellesi,1996,1993,4,Italy,53,,,0.06
15,mic_data_extractio_arm_1,mic_data_extraction,1,Chazan,2015,2011,4,Israel,208,,0.09,
15,,,,Chazan,2015,2011,4,Israel,92,,0.01,
16,mic_data_extractio_arm_1,mic_data_extraction,1,Cohen,1996,1996,4,France,5,,,0.004
16,,,,Cohen,1996,1996,4,France,56,,,0.008
16,,,,Cohen,1996,1996,4,France,258,,,0.016
16,,,,Cohen,1996,1996,4,France,5,,,0.032
17,mic_data_extractio_arm_1,mic_data_extraction,1,Coonan,1994,1990,2,USA,282,0.006,0.012,
17,,,,Coonan,1994,1990,2,USA,43,0.0078,0.0078,
18,mic_data_extractio_arm_1,mic_data_extraction,1,de Almeida Torres,2011,2001,2,Brazil,1112,0.015,0.03,
19,mic_data_extractio_arm_1,mic_data_extraction,1,d'Humières,2012,2010,4,France,9,0.008,0.008,
19,,,,d'Humières,2012,2010,4,France,10,0.006,0.008,
20,mic_data_extractio_arm_1,mic_data_extraction,1,Dohar,2004,2001,,worldwide,39,0.008,0.008,
21,mic_data_extractio_arm_1,mic_data_extraction,1,Felmingham,2004,1999,,worldwide,640,0.008,0.008,
22,mic_data_extractio_arm_1,mic_data_extraction,1,Forsgren,1994,1986,4,Sweden,100,0.015,0.015,
23,mic_data_extractio_arm_1,mic_data_extraction,1,Gattringer,2004,2000,4,Austria,150,0.015,0.03,
23,,,,Gattringer,2004,2000,4,Hungary,191,0.015,0.03,
24,mic_data_extractio_arm_1,mic_data_extraction,1,Gene,1998,1997,4,Spain,100,0.012,0.016,
26,mic_data_extractio_arm_1,mic_data_extraction,1,Haddy,1982,1980,2,USA,79,,,0.006
26,,,,Haddy,1982,1980,2,USA,200,,,0.0125
26,,,,Haddy,1982,1980,2,USA,1,,,0.025
27,mic_data_extractio_arm_1,mic_data_extraction,1,Ikebe,2015,2011,6,Japan,249,0.008,0.008,
28,mic_data_extractio_arm_1,mic_data_extraction,1,Ikeda,2021,2015,6,Japan,21,,,0.008
28,mic_data_extractio_arm_1,mic_data_extraction,2,Ikeda,2021,2015,6,Japan,276,,,0.016
28,,,,Ikeda,2021,2015,6,Japan,10,,,0.03
29,mic_data_extractio_arm_1,mic_data_extraction,1,Inoue,2005,1999,6,Japan,120,,0.008,
30,mic_data_extractio_arm_1,mic_data_extraction,1,Inoue,2006,2000,6,Japan,161,0.008,0.008,
30,,,,Inoue,2006,2001,6,Japan,182,0.008,0.008,
31,mic_data_extractio_arm_1,mic_data_extraction,1,Kaplan,1999,1995,2,USA,301,,0.016,
32,mic_data_extractio_arm_1,mic_data_extraction,1,Kim,1985,1977,2,USA,117,,,0.014
32,,,,Kim,1985,1977,2,USA,23,,,0.016
33,mic_data_extractio_arm_1,mic_data_extraction,1,King,2001,1995,4,UK,50,0.008,0.016,
34,mic_data_extractio_arm_1,mic_data_extraction,1,Koeth,2004,2000,4,Italy,64,0.015,0.015,
34,,,,Koeth,2004,2000,4,Spain,47,0.015,0.015,
34,,,,Koeth,2004,2000,4,Belgium,50,0.015,0.015,
34,,,,Koeth,2004,2000,4,France,51,0.015,0.015,
34,,,,Koeth,2004,2000,2,Mexico,47,0.015,0.015,
34,,,,Koeth,2004,2000,4,Germany,50,0.015,0.015,
34,,,,Koeth,2004,2000,4,Sweden,47,0.015,0.015,
34,mic_data_extractio_arm_1,mic_data_extraction,2,Koeth,2004,2000,2,USA,135,0.015,0.015,
34,,,,Koeth,2004,2000,6,Australia,53,0.015,0.015,
34,,,,Koeth,2004,2000,2,Canada,50,0.015,0.015,
34,,,,Koeth,2004,2000,4,Netherlands,49,0.015,0.015,
35,mic_data_extractio_arm_1,mic_data_extraction,1,Kriebernegg,1998,1996,4,Austria,50,,,0.016
36,mic_data_extractio_arm_1,mic_data_extraction,1,Lehtonen,1993,1993,4,Finland,151,0.016,0.03,
37,mic_data_extractio_arm_1,mic_data_extraction,1,Limia,1998,1994,4,Spain,70,0.008,0.008,
38,mic_data_extractio_arm_1,mic_data_extraction,1,Lopardo,1997,1994,2,Argentina,595,0.007,0.03,
39,mic_data_extractio_arm_1,mic_data_extraction,1,Macris,1998,1928,2,USA,8,,0.016,
39,,,,Macris,1998,1950,2,USA,8,,0.016,
39,,,,Macris,1998,1970,2,USA,10,,0.032,
39,,,,Macris,1998,1988,2,USA,6,,0.023,
39,mic_data_extractio_arm_1,mic_data_extraction,2,Macris,1998,1928,2,USA,21,,0.031,
39,,,,Macris,1998,1950,2,USA,29,,0.031,
39,,,,Macris,1998,1970,2,USA,24,,0.031,
39,,,,Macris,1998,1988,2,USA,59,,0.031,
40,mic_data_extractio_arm_1,mic_data_extraction,1,Malhotra-Kumar,2003,2002,4,Belgium,16,,0.01,
41,mic_data_extractio_arm_1,mic_data_extraction,1,Marchese,2004,2001,4,Italy,60,0.015,0.03,
41,,,,Marchese,2004,2001,4,Italy,40,0.0075,0.0075,
42,mic_data_extractio_arm_1,mic_data_extraction,1,Mariani-Kurkdjian,2003,2002,4,France,93,0.016,0.016,
43,mic_data_extractio_arm_1,mic_data_extraction,1,Melo-Cristino,1999,1998,4,Portugal,302,0.008,0.012,
44,mic_data_extractio_arm_1,mic_data_extraction,1,Melo-Cristino,2001,2000,4,Portugal,213,0.012,0.016,
45,mic_data_extractio_arm_1,mic_data_extraction,1,Morosini,2003,2000,4,Spain,412,0.01,0.01,
46,mic_data_extractio_arm_1,mic_data_extraction,1,Musser,2020,1998,6,Australia,1,,,0.016
46,,,,Musser,2020,1998,2,Canada,2,,,0.012
46,,,,Musser,2020,2002,2,Canada,1,,,0.012
46,,,,Musser,2020,1991,2,Canada,1,,,0.012
46,,,,Musser,2020,2006,4,Finland,1,,,0.012
46,,,,Musser,2020,1996,4,Finland,1,,,0.012
46,,,,Musser,2020,2000,4,Finland,1,,,0.012
46,mic_data_extractio_arm_1,mic_data_extraction,2,Musser,2020,2005,2,USA,1,,,0.016
46,,,,Musser,2020,1999,2,USA,1,,,0.016
46,,,,Musser,2020,2012,2,USA,1,,,0.016
46,,,,Musser,2020,1997,4,Italy,1,,,0.012
46,,,,Musser,2020,1996,2,USA,1,,,0.012
46,,,,Musser,2020,2009,2,USA,1,,,0.012
46,,,,Musser,2020,2008,2,USA,1,,,0.016
46,mic_data_extractio_arm_1,mic_data_extraction,3,Musser,2020,2010,4,Finland,1,,,0.012
46,,,,Musser,2020,2011,4,Finland,1,,,0.016
46,,,,Musser,2020,2004,4,Finland,1,,,0.016
46,,,,Musser,2020,1998,2,USA,1,,,0.016
46,,,,Musser,2020,1995,4,Finland,1,,,0.016
46,,,,Musser,2020,2009,4,USA,1,,,0.016
46,,,,Musser,2020,2014,4,Finland,1,,,0.016
46,mic_data_extractio_arm_1,mic_data_extraction,4,Musser,2020,2008,4,Finland,1,,,0.016
46,,,,Musser,2020,2012,4,Finland,1,,,0.016
46,,,,Musser,2020,2012,2,USA,1,,,0.016
46,,,,Musser,2020,2003,2,USA,4,,,0.016
46,,,,Musser,2020,2006,2,USA,1,,,0.016
46,,,,Musser,2020,1998,2,Canada,1,,,0.016
46,,,,Musser,2020,2008,2,USA,1,,,0.023
46,mic_data_extractio_arm_1,mic_data_extraction,5,Musser,2020,1995,2,Canada,1,,,0.016
46,,,,Musser,2020,2015,4,Finland,1,,,0.016
46,,,,Musser,2020,1997,4,Canada,1,,,0.016
46,,,,Musser,2020,2012,2,USA,1,,,0.016
46,,,,Musser,2020,2004,4,Norway,1,,,0.016
46,,,,Musser,2020,2010,2,USA,1,,,0.016
46,,,,Musser,2020,2011,4,Finland,1,,,0.016
46,mic_data_extractio_arm_1,mic_data_extraction,6,Musser,2020,2012,4,Finland,1,,,0.016
46,,,,Musser,2020,2003,2,Canada,1,,,0.016
46,,,,Musser,2020,2006,2,USA,1,,,0.023
46,,,,Musser,2020,2013,2,USA,2,,,0.016
46,,,,Musser,2020,1999,2,USA,1,,,0.016
46,,,,Musser,2020,2000,2,USA,1,,,0.016
46,,,,Musser,2020,2012,2,USA,1,,,0.016
46,mic_data_extractio_arm_1,mic_data_extraction,7,Musser,2020,2008,4,Finland,1,,,0.023
46,,,,Musser,2020,2012,2,USA,1,,,0.032
46,,,,Musser,2020,2013,2,USA,1,,,0.032
46,,,,Musser,2020,2010,2,USA,1,,,0.032
46,,,,Musser,2020,2016,4,UK,1,,,0.016
46,,,,Musser,2020,2002,2,Canada,1,,,0.016
46,,,,Musser,2020,1998,4,Sweden,1,,,0.016
46,mic_data_extractio_arm_1,mic_data_extraction,8,Musser,2020,2003,2,Canada,1,,,0.016
46,,,,Musser,2020,2010,2,USA,1,,,0.016
46,,,,Musser,2020,1984,4,Germany,1,,,0.016
46,,,,Musser,2020,2006,4,Iceland,1,,,0.016
46,,,,Musser,2020,2007,4,Sweden,1,,,0.016
47,mic_data_extractio_arm_1,mic_data_extraction,1,Nakajima,1979,1970,6,Japan,2030,,,0.0125
48,mic_data_extractio_arm_1,mic_data_extraction,1,Nakajima,1983,1981,6,Japan,349,,,0.0063
48,,,,Nakajima,1983,1981,6,Japan,123,,,0.0125
48,,,,Nakajima,1983,1981,6,Japan,16,,,0.025
48,,,,Nakajima,1983,1981,6,Japan,9,,,0.05
49,mic_data_extractio_arm_1,mic_data_extraction,1,Nakajima,1982,1978,6,Japan,11,,,0.0063
49,,,,Nakajima,1982,1978,6,Japan,55,,,0.0125
49,,,,Nakajima,1982,1978,6,Japan,1,,,0.05
50,mic_data_extractio_arm_1,mic_data_extraction,1,Ndiaye,2009,2007,1,Senegal,100,0.016,0.023,
51,mic_data_extractio_arm_1,mic_data_extraction,1,Nunes De Melo,2003,1987,2,Brazil,211,0.01,0.01,
52,mic_data_extractio_arm_1,mic_data_extraction,1,Pfaller,1997,1995,2,USA,12,0.012,0.012,
53,mic_data_extractio_arm_1,mic_data_extraction,1,Pfaller,2020,2017,2,USA,272,0.008,0.015,
53,,,,Pfaller,2020,2017,4,(not reported),272,0.008,0.015,
54,mic_data_extractio_arm_1,mic_data_extraction,1,Putnam,2000,1995,2,USA,22,0.016,0.125,
55,mic_data_extractio_arm_1,mic_data_extraction,1,Ranin,1993,1984,4,Serbia,1234,0.015,0.03,
56,mic_data_extractio_arm_1,mic_data_extraction,1,Ranin,2004,1995,4,Serbia,2169,0.015,0.03,
58,mic_data_extractio_arm_1,mic_data_extraction,1,Richter,2005,2003,2,USA,1885,0.008,0.015,
59,mic_data_extractio_arm_1,mic_data_extraction,1,Sakata,2008,2006,6,Japan,367,,0.008,
60,mic_data_extractio_arm_1,mic_data_extraction,1,Sakata,2013,2008,6,Japan,7,,,0.008
60,,,,Sakata,2013,2008,6,Japan,5,,,0.015
61,mic_data_extractio_arm_1,mic_data_extraction,1,Sauermann,2003,2000,4,Germany,540,0.015,0.03,
62,mic_data_extractio_arm_1,mic_data_extraction,1,Schito,2002,1999,4,Austria,137,,0.03,
62,,,,Schito,2002,1999,4,Spain,137,,0.06,
63,mic_data_extractio_arm_1,mic_data_extraction,1,Sefton,1996,1996,4,UK,40,0.015,0.015,
64,mic_data_extractio_arm_1,mic_data_extraction,1,Shackcloth,2004,2001,4,UK,34,0.008,0.008,
65,mic_data_extractio_arm_1,mic_data_extraction,1,Skoczynska,2007,2003,4,Poland,302,0.0075,0.015,
66,mic_data_extractio_arm_1,mic_data_extraction,1,Smeesters,2010,2004,2,Brazil,124,,,0.004
66,,,,Smeesters,2010,2004,2,Brazil,2,,,0.008
66,,,,Smeesters,2010,2004,2,Brazil,1,,,0.016
66,,,,Smeesters,2010,2004,2,Brazil,1,,,0.032
66,,,,Smeesters,2010,2004,2,Brazil,2,,,0.012
67,mic_data_extractio_arm_1,mic_data_extraction,1,Southon,2020,1999,4,Iceland,3,,,0.012
67,,,,Southon,2020,2000,4,Iceland,1,,,0.016
67,,,,Southon,2020,2001,4,Iceland,1,,,0.012
67,,,,Southon,2020,2002,4,Iceland,5,,,0.023
67,,,,Southon,2020,2007,4,Iceland,1,,,0.012
67,,,,Southon,2020,2009,4,Iceland,2,,,0.016
67,,,,Southon,2020,2008,4,Iceland,2,,,0.012
68,mic_data_extractio_arm_1,mic_data_extraction,1,Soyletir,2016,2012,4,Turkey,1,,,0.002
68,,,,Soyletir,2016,2012,4,Turkey,3,,,0.004
68,,,,Soyletir,2016,2012,4,Turkey,12,,,0.008
68,,,,Soyletir,2016,2012,4,Turkey,97,,,0.015
68,,,,Soyletir,2016,2012,4,Turkey,95,,,0.03
68,,,,Soyletir,2016,2012,4,Turkey,7,,,0.06
68,,,,Soyletir,2016,2012,4,Turkey,7,,,0.12
69,mic_data_extractio_arm_1,mic_data_extraction,1,Stefani,2008,2007,4,Italy,252,0.03,0.06,
70,mic_data_extractio_arm_1,mic_data_extraction,1,Stillerman,1970,1967,2,USA,29,,,0.005
70,,,,Stillerman,1970,1967,2,USA,64,,,0.01
70,,,,Stillerman,1970,1967,2,USA,5,,,0.02
71,mic_data_extractio_arm_1,mic_data_extraction,1,Stillerman,1973,1971,2,USA,41,,,0.004
71,,,,Stillerman,1973,1971,2,USA,40,,,0.008
71,,,,Stillerman,1973,1971,2,USA,18,,,0.016
71,,,,Stillerman,1973,1971,2,USA,4,,,0.032
72,mic_data_extractio_arm_1,mic_data_extraction,1,Syrogiannopoulos,2001,1999,4,Greece,274,0.008,0.008,
73,mic_data_extractio_arm_1,mic_data_extraction,1,Szczypa,2006,2001,4,Poland,41,0.008,0.015,
74,mic_data_extractio_arm_1,mic_data_extraction,1,Tappe,2011,2010,4,Germany,1,,,0.015
75,mic_data_extractio_arm_1,mic_data_extraction,1,Tempera,2010,2009,4,Italy,225,0.03,0.06,
77,mic_data_extractio_arm_1,mic_data_extraction,1,Torumkuney,2016,2013,5,India,42,,,0.015
77,,,,Torumkuney,2016,2013,5,India,34,,,0.03
77,,,,Torumkuney,2016,2013,5,India,2,,,0.12
78,mic_data_extractio_arm_1,mic_data_extraction,1,Traverso,2010,2002,2,Argentina,10,,0.007,
79,mic_data_extractio_arm_1,mic_data_extraction,1,Vannice,2020,2017,2,USA,4,,,0.012
79,,,,Vannice,2020,2017,2,USA,1,,,0.008
80,mic_data_extractio_arm_1,mic_data_extraction,1,Varaldo,1999,1997,4,Italy,917,,,0.03
80,,,,Varaldo,1999,1997,4,Italy,11,,,0.06
80,,,,Varaldo,1999,1997,4,Italy,6,,,0.12
81,mic_data_extractio_arm_1,mic_data_extraction,1,Villalon,2021,2013,4,Spain,1893,,0.032,
82,mic_data_extractio_arm_1,mic_data_extraction,1,Villalon,2023,2014,4,Spain,1983,0.016,0.023,
83,mic_data_extractio_arm_1,mic_data_extraction,1,Wajima,2014,2012,6,Japan,363,0.016,0.016,
84,mic_data_extractio_arm_1,mic_data_extraction,1,Yu,2021,2017,6,China,342,0.004,0.008,
85,mic_data_extractio_arm_1,mic_data_extraction,1,Zhou,2013,2009,6,China,20,0.015,0.015,
87,mic_data_extractio_arm_1,mic_data_extraction,1,Abraham,2018,2015,5,India,206,0.016,0.016,
88,mic_data_extractio_arm_1,mic_data_extraction,1,Amabile-Cuevas,2001,2001,2,Mexico,197,0.012,0.032,
93,mic_data_extractio_arm_1,mic_data_extraction,1,Bass,1994,1990,6,Japan,104,0.015,0.06,
93,,,,Bass,1994,1990,6,Japan,101,0.03,0.06,
94,mic_data_extractio_arm_1,mic_data_extraction,1,Betlejewska,2002,1999,4,Poland,50,0.007,0.015,
97,mic_data_extractio_arm_1,mic_data_extraction,1,Chang,2010,2007,6,China,94,0.125,0.125,
104,mic_data_extractio_arm_1,mic_data_extraction,1,Feldman,1987,1987,2,USA,20,,,0.02
108,mic_data_extractio_arm_1,mic_data_extraction,1,Fujita,1994,1985,6,Japan,670,,,0.016
122,mic_data_extractio_arm_1,mic_data_extraction,1,Hsueh,2004,2002,6,Taiwan,205,0.03,0.03,
133,mic_data_extractio_arm_1,mic_data_extraction,1,Liang,2008,2007,6,China,145,0.125,0.125,
158,mic_data_extractio_arm_1,mic_data_extraction,1,Ubukata,2020,2012,6,Japan,634,0.016,0.016,
239,mic_data_extractio_arm_1,mic_data_extraction,1,Kanellopoulou,1995,1993,4,Greece,49,,,0.004
249,mic_data_extractio_arm_1,mic_data_extraction,1,Kohno,2003,1999,,Worldwide,1485,0.008,0.008,
322,mic_data_extractio_arm_1,mic_data_extraction,1,Smayevsky,2000,1998,2,Argentina,96,0.004,0.008,
