"record_id","redcap_event_name","redcap_repeat_instrument","redcap_repeat_instance","author","pub_yr","isolate_yr","who","country","count","mic50_1","mic90_1","micnos_1","alpha_3_code","alpha_2_code","numeric","economy","income_group","redcap_number","median_year","med_grp","midpoint_year","midpoint_grp","mean_year","mean_grp"
2,"mic_data_extractio_arm_1","mic_data_extraction",1,"Arhin",2009,2006,NA,"Unknown",7,NA,NA,0.008,NA,NA,NA,NA,NA,NA,2006,1,2006,1,2006,"1"
2,"mic_data_extractio_arm_1","mic_data_extraction",1,"Arhin",2009,2006,NA,"Unknown",1,NA,NA,0.06,NA,NA,NA,NA,NA,NA,2006,1,2006,1,2006,"1"
2,"mic_data_extractio_arm_1","mic_data_extraction",1,"Arhin",2009,2006,NA,"Unknown",2,NA,NA,0.016,NA,NA,NA,NA,NA,NA,2006,1,2006,1,2006,"1"
5,"mic_data_extractio_arm_1","mic_data_extraction",1,"Benouda",2009,2006,3,"Morocco",21,NA,NA,0.008,"MAR","MA",504,"Morocco","Lower middle income",151,2006,1,2006,1,2006,"1"
5,"mic_data_extractio_arm_1","mic_data_extraction",1,"Benouda",2009,2006,3,"Morocco",32,NA,NA,0.016,"MAR","MA",504,"Morocco","Lower middle income",151,2006,1,2006,1,2006,"1"
5,"mic_data_extractio_arm_1","mic_data_extraction",1,"Benouda",2009,2006,3,"Morocco",12,NA,NA,0.032,"MAR","MA",504,"Morocco","Lower middle income",151,2006,1,2006,1,2006,"1"
13,"mic_data_extractio_arm_1","mic_data_extraction",1,"Canton",2002,2000,6,"Hong Kong",25,NA,NA,0.008,"HKG","HK",344,"Hong Kong SAR, China","High income",100,2000,1,2000,1,2000,"1"
13,"mic_data_extractio_arm_1","mic_data_extraction",1,"Canton",2002,2000,6,"Japan",117,NA,NA,0.008,"JPN","JP",392,"Japan","High income",112,1985,2,1992.5,2,1992,"2"
13,"mic_data_extractio_arm_1","mic_data_extraction",1,"Canton",2002,2000,6,"Japan",1,NA,NA,0.015,"JPN","JP",392,"Japan","High income",112,1985,2,1992.5,2,1992,"2"
13,"mic_data_extractio_arm_1","mic_data_extraction",1,"Canton",2002,2000,6,"Japan",2,NA,NA,0.03,"JPN","JP",392,"Japan","High income",112,1985,2,1992.5,2,1992,"2"
13,"mic_data_extractio_arm_1","mic_data_extraction",1,"Canton",2002,2000,6,"Korea (The Republic Of)",57,NA,NA,0.008,"KOR","KR",410,"Korea, Rep.","High income",119,2000,1,2000,1,2000,"1"
13,"mic_data_extractio_arm_1","mic_data_extraction",1,"Canton",2002,2000,6,"Australia",25,NA,NA,0.008,"AUS","AU",36,"Australia","High income",14,1999,2,1999,2,1999,"2"
13,"mic_data_extractio_arm_1","mic_data_extraction",1,"Canton",2002,2000,5,"Indonesia",6,NA,NA,0.008,"IDN","ID",360,"Indonesia","Upper middle income",104,2000,1,2000,1,2000,"1"
13,"mic_data_extractio_arm_1","mic_data_extraction",2,"Canton",2002,2000,4,"Hungary",28,NA,NA,0.008,"HUN","HU",348,"Hungary","High income",101,2000,1,2000,1,2000,"1"
13,"mic_data_extractio_arm_1","mic_data_extraction",2,"Canton",2002,2000,4,"Poland",12,NA,NA,0.008,"POL","PL",616,"Poland","High income",177,2000,1,2000,1,2000,"1"
13,"mic_data_extractio_arm_1","mic_data_extraction",2,"Canton",2002,2000,4,"Turkiye",53,NA,NA,0.008,"TUR","TR",792,"Türkiye","Upper middle income",228,2012,1,2006,1,2009,"1"
13,"mic_data_extractio_arm_1","mic_data_extraction",2,"Canton",2002,2000,4,"Turkiye",1,NA,NA,0.015,"TUR","TR",792,"Türkiye","Upper middle income",228,2012,1,2006,1,2009,"1"
13,"mic_data_extractio_arm_1","mic_data_extraction",2,"Canton",2002,2000,4,"Austria",23,NA,NA,0.008,"AUT","AT",40,"Austria","High income",15,2000,1,1998,2,1998,"2"
13,"mic_data_extractio_arm_1","mic_data_extraction",2,"Canton",2002,2000,4,"Austria",2,NA,NA,0.015,"AUT","AT",40,"Austria","High income",15,2000,1,1998,2,1998,"2"
13,"mic_data_extractio_arm_1","mic_data_extraction",2,"Canton",2002,2000,4,"Belgium",19,NA,NA,0.008,"BEL","BE",56,"Belgium","High income",22,2000,1,2000,1,2000,"1"
13,"mic_data_extractio_arm_1","mic_data_extraction",3,"Canton",2002,2000,4,"France",31,NA,NA,0.008,"FRA","FR",250,"France","High income",76,1996,2,1998,2,1996,"2"
13,"mic_data_extractio_arm_1","mic_data_extraction",3,"Canton",2002,2000,4,"Germany",85,NA,NA,0.008,"DEU","DE",276,"Germany","High income",83,2000,1,1997,2,1998,"2"
13,"mic_data_extractio_arm_1","mic_data_extraction",3,"Canton",2002,2000,4,"Germany",2,NA,NA,0.015,"DEU","DE",276,"Germany","High income",83,2000,1,1997,2,1998,"2"
13,"mic_data_extractio_arm_1","mic_data_extraction",3,"Canton",2002,2000,4,"Italy",49,NA,NA,0.008,"ITA","IT",380,"Italy","High income",110,1997,2,1998.5,2,1997,"2"
13,"mic_data_extractio_arm_1","mic_data_extraction",3,"Canton",2002,2000,4,"Netherlands (Kingdom Of The)",13,NA,NA,0.008,"NLD","NL",528,"Netherlands","High income",157,2000,1,2000,1,2000,"1"
13,"mic_data_extractio_arm_1","mic_data_extraction",3,"Canton",2002,2000,4,"Portugal",42,NA,NA,0.008,"PRT","PT",620,"Portugal","High income",178,2000,1,2000,1,2000,"1"
13,"mic_data_extractio_arm_1","mic_data_extraction",3,"Canton",2002,2000,4,"Spain",51,NA,NA,0.008,"ESP","ES",724,"Spain","High income",209,2000,1,2000,1,2000,"1"
13,"mic_data_extractio_arm_1","mic_data_extraction",4,"Canton",2002,2000,4,"Spain",1,NA,NA,0.015,"ESP","ES",724,"Spain","High income",209,2000,1,2000,1,2000,"1"
13,"mic_data_extractio_arm_1","mic_data_extraction",4,"Canton",2002,2000,4,"Sweden",25,NA,NA,0.008,"SWE","SE",752,"Sweden","High income",215,2000,1,2002.5,1,2001,"1"
13,"mic_data_extractio_arm_1","mic_data_extraction",4,"Canton",2002,2000,4,"Switzerland",114,NA,NA,0.008,"CHE","CH",756,"Switzerland","High income",216,2000,1,2000,1,2000,"1"
13,"mic_data_extractio_arm_1","mic_data_extraction",4,"Canton",2002,2000,4,"United Kingdom Of Great Britain And Northern Ireland (The)",42,NA,NA,0.008,"GBR","GB",826,"United Kingdom","High income",235,2008,1,2008,1,2008,"1"
13,"mic_data_extractio_arm_1","mic_data_extraction",4,"Canton",2002,2000,2,"Argentina",33,NA,NA,0.008,"ARG","AR",32,"Argentina","Upper middle income",11,2000,1,2000,1,2000,"1"
13,"mic_data_extractio_arm_1","mic_data_extraction",4,"Canton",2002,2000,2,"Brazil",145,NA,NA,0.008,"BRA","BR",76,"Brazil","Upper middle income",32,2004,1,2002,1,2003,"1"
13,"mic_data_extractio_arm_1","mic_data_extraction",4,"Canton",2002,2000,2,"Mexico",98,NA,NA,0.008,"MEX","MX",484,"Mexico","Upper middle income",144,2000,1,2000,1,2000,"1"
13,"mic_data_extractio_arm_1","mic_data_extraction",5,"Canton",2002,2000,2,"Mexico",1,NA,NA,0.015,"MEX","MX",484,"Mexico","Upper middle income",144,2000,1,2000,1,2000,"1"
13,"mic_data_extractio_arm_1","mic_data_extraction",5,"Canton",2002,2000,2,"Canada",207,NA,NA,0.008,"CAN","CA",124,"Canada","High income",40,2000,1,1997,2,1999,"2"
13,"mic_data_extractio_arm_1","mic_data_extraction",5,"Canton",2002,2000,2,"Canada",1,NA,NA,0.015,"CAN","CA",124,"Canada","High income",40,2000,1,1997,2,1999,"2"
13,"mic_data_extractio_arm_1","mic_data_extraction",5,"Canton",2002,2000,2,"United States Of America (The)",173,NA,NA,0.008,"USA","US",840,"United States","High income",236,2001.5,1,1992,2,1996,"2"
13,"mic_data_extractio_arm_1","mic_data_extraction",5,"Canton",2002,2000,2,"United States Of America (The)",1,NA,NA,0.015,"USA","US",840,"United States","High income",236,2001.5,1,1992,2,1996,"2"
16,"mic_data_extractio_arm_1","mic_data_extraction",1,"Cohen",1996,1996,4,"France",5,NA,NA,0.004,"FRA","FR",250,"France","High income",76,1996,1,1998,1,1996,"1"
16,"mic_data_extractio_arm_1","mic_data_extraction",1,"Cohen",1996,1996,4,"France",56,NA,NA,0.008,"FRA","FR",250,"France","High income",76,1996,1,1998,1,1996,"1"
16,"mic_data_extractio_arm_1","mic_data_extraction",1,"Cohen",1996,1996,4,"France",258,NA,NA,0.016,"FRA","FR",250,"France","High income",76,1996,1,1998,1,1996,"1"
16,"mic_data_extractio_arm_1","mic_data_extraction",1,"Cohen",1996,1996,4,"France",5,NA,NA,0.032,"FRA","FR",250,"France","High income",76,1996,1,1998,1,1996,"1"
104,"mic_data_extractio_arm_1","mic_data_extraction",1,"Feldman",1987,1987,2,"United States Of America (The)",20,NA,NA,0.02,"USA","US",840,"United States","High income",236,2001.5,1,1992,1,1996,"1"
108,"mic_data_extractio_arm_1","mic_data_extraction",1,"Fujita",1994,1985,6,"Japan",670,NA,NA,0.016,"JPN","JP",392,"Japan","High income",112,1985,1,1992.5,1,1992,"1"
26,"mic_data_extractio_arm_1","mic_data_extraction",1,"Haddy",1982,1980,2,"United States Of America (The)",79,NA,NA,0.006,"USA","US",840,"United States","High income",236,2001.5,1,1992,1,1996,"1"
26,"mic_data_extractio_arm_1","mic_data_extraction",1,"Haddy",1982,1980,2,"United States Of America (The)",200,NA,NA,0.0125,"USA","US",840,"United States","High income",236,2001.5,1,1992,1,1996,"1"
26,"mic_data_extractio_arm_1","mic_data_extraction",1,"Haddy",1982,1980,2,"United States Of America (The)",1,NA,NA,0.025,"USA","US",840,"United States","High income",236,2001.5,1,1992,1,1996,"1"
28,"mic_data_extractio_arm_1","mic_data_extraction",1,"Ikeda",2021,2015,6,"Japan",21,NA,NA,0.008,"JPN","JP",392,"Japan","High income",112,1985,2,1992.5,2,1992,"2"
28,"mic_data_extractio_arm_1","mic_data_extraction",1,"Ikeda",2021,2015,6,"Japan",276,NA,NA,0.016,"JPN","JP",392,"Japan","High income",112,1985,2,1992.5,2,1992,"2"
28,"mic_data_extractio_arm_1","mic_data_extraction",1,"Ikeda",2021,2015,6,"Japan",10,NA,NA,0.03,"JPN","JP",392,"Japan","High income",112,1985,2,1992.5,2,1992,"2"
239,"mic_data_extractio_arm_1","mic_data_extraction",1,"Kanellopoulou",1995,1993,4,"Greece",49,NA,NA,0.004,"GRC","GR",300,"Greece","High income",86,1993,1,1993,1,1993,"1"
32,"mic_data_extractio_arm_1","mic_data_extraction",1,"Kim",1985,1977,2,"United States Of America (The)",117,NA,NA,0.014,"USA","US",840,"United States","High income",236,2001.5,1,1992,1,1996,"1"
32,"mic_data_extractio_arm_1","mic_data_extraction",1,"Kim",1985,1977,2,"United States Of America (The)",23,NA,NA,0.016,"USA","US",840,"United States","High income",236,2001.5,1,1992,1,1996,"1"
35,"mic_data_extractio_arm_1","mic_data_extraction",1,"Kriebernegg",1998,1996,4,"Austria",50,NA,NA,0.016,"AUT","AT",40,"Austria","High income",15,2000,1,1998,1,1998,"1"
46,"mic_data_extractio_arm_1","mic_data_extraction",8,"Musser",2020,1984,4,"Germany",1,NA,NA,0.016,"DEU","DE",276,"Germany","High income",83,2000,1,1997,1,1998,"1"
46,"mic_data_extractio_arm_1","mic_data_extraction",1,"Musser",2020,1991,2,"Canada",1,NA,NA,0.012,"CAN","CA",124,"Canada","High income",40,2000,1,1997,1,1999,"1"
46,"mic_data_extractio_arm_1","mic_data_extraction",3,"Musser",2020,1995,4,"Finland",1,NA,NA,0.016,"FIN","FI",246,"Finland","High income",75,2009,1,2005,1,2007,"1"
46,"mic_data_extractio_arm_1","mic_data_extraction",5,"Musser",2020,1995,2,"Canada",1,NA,NA,0.016,"CAN","CA",124,"Canada","High income",40,2000,1,1997,1,1999,"1"
46,"mic_data_extractio_arm_1","mic_data_extraction",1,"Musser",2020,1996,4,"Finland",1,NA,NA,0.012,"FIN","FI",246,"Finland","High income",75,2009,1,2005,1,2007,"1"
46,"mic_data_extractio_arm_1","mic_data_extraction",2,"Musser",2020,1996,2,"United States Of America (The)",1,NA,NA,0.012,"USA","US",840,"United States","High income",236,2001.5,1,1992,2,1996,"1"
46,"mic_data_extractio_arm_1","mic_data_extraction",2,"Musser",2020,1997,4,"Italy",1,NA,NA,0.012,"ITA","IT",380,"Italy","High income",110,1997,1,1998.5,1,1997,"1"
46,"mic_data_extractio_arm_1","mic_data_extraction",5,"Musser",2020,1997,4,"Canada",1,NA,NA,0.016,"CAN","CA",124,"Canada","High income",40,2000,1,1997,1,1999,"1"
46,"mic_data_extractio_arm_1","mic_data_extraction",1,"Musser",2020,1998,6,"Australia",1,NA,NA,0.016,"AUS","AU",36,"Australia","High income",14,1999,1,1999,1,1999,"1"
46,"mic_data_extractio_arm_1","mic_data_extraction",1,"Musser",2020,1998,2,"Canada",2,NA,NA,0.012,"CAN","CA",124,"Canada","High income",40,2000,1,1997,2,1999,"1"
46,"mic_data_extractio_arm_1","mic_data_extraction",3,"Musser",2020,1998,2,"United States Of America (The)",1,NA,NA,0.016,"USA","US",840,"United States","High income",236,2001.5,1,1992,2,1996,"2"
46,"mic_data_extractio_arm_1","mic_data_extraction",4,"Musser",2020,1998,2,"Canada",1,NA,NA,0.016,"CAN","CA",124,"Canada","High income",40,2000,1,1997,2,1999,"1"
46,"mic_data_extractio_arm_1","mic_data_extraction",7,"Musser",2020,1998,4,"Sweden",1,NA,NA,0.016,"SWE","SE",752,"Sweden","High income",215,2000,1,2002.5,1,2001,"1"
46,"mic_data_extractio_arm_1","mic_data_extraction",2,"Musser",2020,1999,2,"United States Of America (The)",1,NA,NA,0.016,"USA","US",840,"United States","High income",236,2001.5,1,1992,2,1996,"2"
46,"mic_data_extractio_arm_1","mic_data_extraction",6,"Musser",2020,1999,2,"United States Of America (The)",1,NA,NA,0.016,"USA","US",840,"United States","High income",236,2001.5,1,1992,2,1996,"2"
46,"mic_data_extractio_arm_1","mic_data_extraction",1,"Musser",2020,2000,4,"Finland",1,NA,NA,0.012,"FIN","FI",246,"Finland","High income",75,2009,1,2005,1,2007,"1"
46,"mic_data_extractio_arm_1","mic_data_extraction",6,"Musser",2020,2000,2,"United States Of America (The)",1,NA,NA,0.016,"USA","US",840,"United States","High income",236,2001.5,1,1992,2,1996,"2"
46,"mic_data_extractio_arm_1","mic_data_extraction",1,"Musser",2020,2002,2,"Canada",1,NA,NA,0.012,"CAN","CA",124,"Canada","High income",40,2000,2,1997,2,1999,"2"
46,"mic_data_extractio_arm_1","mic_data_extraction",7,"Musser",2020,2002,2,"Canada",1,NA,NA,0.016,"CAN","CA",124,"Canada","High income",40,2000,2,1997,2,1999,"2"
46,"mic_data_extractio_arm_1","mic_data_extraction",4,"Musser",2020,2003,2,"United States Of America (The)",4,NA,NA,0.016,"USA","US",840,"United States","High income",236,2001.5,2,1992,2,1996,"2"
46,"mic_data_extractio_arm_1","mic_data_extraction",6,"Musser",2020,2003,2,"Canada",1,NA,NA,0.016,"CAN","CA",124,"Canada","High income",40,2000,2,1997,2,1999,"2"
46,"mic_data_extractio_arm_1","mic_data_extraction",8,"Musser",2020,2003,2,"Canada",1,NA,NA,0.016,"CAN","CA",124,"Canada","High income",40,2000,2,1997,2,1999,"2"
46,"mic_data_extractio_arm_1","mic_data_extraction",3,"Musser",2020,2004,4,"Finland",1,NA,NA,0.016,"FIN","FI",246,"Finland","High income",75,2009,1,2005,1,2007,"1"
46,"mic_data_extractio_arm_1","mic_data_extraction",5,"Musser",2020,2004,4,"Norway",1,NA,NA,0.016,"NOR","NO",578,"Norway","High income",166,2004,1,2004,1,2004,"1"
46,"mic_data_extractio_arm_1","mic_data_extraction",2,"Musser",2020,2005,2,"United States Of America (The)",1,NA,NA,0.016,"USA","US",840,"United States","High income",236,2001.5,2,1992,2,1996,"2"
46,"mic_data_extractio_arm_1","mic_data_extraction",1,"Musser",2020,2006,4,"Finland",1,NA,NA,0.012,"FIN","FI",246,"Finland","High income",75,2009,1,2005,2,2007,"1"
46,"mic_data_extractio_arm_1","mic_data_extraction",4,"Musser",2020,2006,2,"United States Of America (The)",1,NA,NA,0.016,"USA","US",840,"United States","High income",236,2001.5,2,1992,2,1996,"2"
46,"mic_data_extractio_arm_1","mic_data_extraction",6,"Musser",2020,2006,2,"United States Of America (The)",1,NA,NA,0.023,"USA","US",840,"United States","High income",236,2001.5,2,1992,2,1996,"2"
46,"mic_data_extractio_arm_1","mic_data_extraction",8,"Musser",2020,2006,4,"Iceland",1,NA,NA,0.016,"ISL","IS",352,"Iceland","High income",102,2004,2,2004,2,2004,"2"
46,"mic_data_extractio_arm_1","mic_data_extraction",8,"Musser",2020,2007,4,"Sweden",1,NA,NA,0.016,"SWE","SE",752,"Sweden","High income",215,2000,2,2002.5,2,2001,"2"
46,"mic_data_extractio_arm_1","mic_data_extraction",2,"Musser",2020,2008,2,"United States Of America (The)",1,NA,NA,0.016,"USA","US",840,"United States","High income",236,2001.5,2,1992,2,1996,"2"
46,"mic_data_extractio_arm_1","mic_data_extraction",4,"Musser",2020,2008,4,"Finland",1,NA,NA,0.016,"FIN","FI",246,"Finland","High income",75,2009,1,2005,2,2007,"2"
46,"mic_data_extractio_arm_1","mic_data_extraction",4,"Musser",2020,2008,2,"United States Of America (The)",1,NA,NA,0.023,"USA","US",840,"United States","High income",236,2001.5,2,1992,2,1996,"2"
46,"mic_data_extractio_arm_1","mic_data_extraction",7,"Musser",2020,2008,4,"Finland",1,NA,NA,0.023,"FIN","FI",246,"Finland","High income",75,2009,1,2005,2,2007,"2"
46,"mic_data_extractio_arm_1","mic_data_extraction",2,"Musser",2020,2009,2,"United States Of America (The)",1,NA,NA,0.012,"USA","US",840,"United States","High income",236,2001.5,2,1992,2,1996,"2"
46,"mic_data_extractio_arm_1","mic_data_extraction",3,"Musser",2020,2009,4,"United States Of America (The)",1,NA,NA,0.016,"USA","US",840,"United States","High income",236,2001.5,2,1992,2,1996,"2"
46,"mic_data_extractio_arm_1","mic_data_extraction",3,"Musser",2020,2010,4,"Finland",1,NA,NA,0.012,"FIN","FI",246,"Finland","High income",75,2009,2,2005,2,2007,"2"
46,"mic_data_extractio_arm_1","mic_data_extraction",5,"Musser",2020,2010,2,"United States Of America (The)",1,NA,NA,0.016,"USA","US",840,"United States","High income",236,2001.5,2,1992,2,1996,"2"
46,"mic_data_extractio_arm_1","mic_data_extraction",7,"Musser",2020,2010,2,"United States Of America (The)",1,NA,NA,0.032,"USA","US",840,"United States","High income",236,2001.5,2,1992,2,1996,"2"
46,"mic_data_extractio_arm_1","mic_data_extraction",8,"Musser",2020,2010,2,"United States Of America (The)",1,NA,NA,0.016,"USA","US",840,"United States","High income",236,2001.5,2,1992,2,1996,"2"
46,"mic_data_extractio_arm_1","mic_data_extraction",3,"Musser",2020,2011,4,"Finland",1,NA,NA,0.016,"FIN","FI",246,"Finland","High income",75,2009,2,2005,2,2007,"2"
46,"mic_data_extractio_arm_1","mic_data_extraction",5,"Musser",2020,2011,4,"Finland",1,NA,NA,0.016,"FIN","FI",246,"Finland","High income",75,2009,2,2005,2,2007,"2"
46,"mic_data_extractio_arm_1","mic_data_extraction",2,"Musser",2020,2012,2,"United States Of America (The)",1,NA,NA,0.016,"USA","US",840,"United States","High income",236,2001.5,2,1992,2,1996,"2"
46,"mic_data_extractio_arm_1","mic_data_extraction",4,"Musser",2020,2012,4,"Finland",1,NA,NA,0.016,"FIN","FI",246,"Finland","High income",75,2009,2,2005,2,2007,"2"
46,"mic_data_extractio_arm_1","mic_data_extraction",4,"Musser",2020,2012,2,"United States Of America (The)",1,NA,NA,0.016,"USA","US",840,"United States","High income",236,2001.5,2,1992,2,1996,"2"
46,"mic_data_extractio_arm_1","mic_data_extraction",5,"Musser",2020,2012,2,"United States Of America (The)",1,NA,NA,0.016,"USA","US",840,"United States","High income",236,2001.5,2,1992,2,1996,"2"
46,"mic_data_extractio_arm_1","mic_data_extraction",6,"Musser",2020,2012,4,"Finland",1,NA,NA,0.016,"FIN","FI",246,"Finland","High income",75,2009,2,2005,2,2007,"2"
46,"mic_data_extractio_arm_1","mic_data_extraction",6,"Musser",2020,2012,2,"United States Of America (The)",1,NA,NA,0.016,"USA","US",840,"United States","High income",236,2001.5,2,1992,2,1996,"2"
46,"mic_data_extractio_arm_1","mic_data_extraction",7,"Musser",2020,2012,2,"United States Of America (The)",1,NA,NA,0.032,"USA","US",840,"United States","High income",236,2001.5,2,1992,2,1996,"2"
46,"mic_data_extractio_arm_1","mic_data_extraction",6,"Musser",2020,2013,2,"United States Of America (The)",2,NA,NA,0.016,"USA","US",840,"United States","High income",236,2001.5,2,1992,2,1996,"2"
46,"mic_data_extractio_arm_1","mic_data_extraction",7,"Musser",2020,2013,2,"United States Of America (The)",1,NA,NA,0.032,"USA","US",840,"United States","High income",236,2001.5,2,1992,2,1996,"2"
46,"mic_data_extractio_arm_1","mic_data_extraction",3,"Musser",2020,2014,4,"Finland",1,NA,NA,0.016,"FIN","FI",246,"Finland","High income",75,2009,2,2005,2,2007,"2"
46,"mic_data_extractio_arm_1","mic_data_extraction",5,"Musser",2020,2015,4,"Finland",1,NA,NA,0.016,"FIN","FI",246,"Finland","High income",75,2009,2,2005,2,2007,"2"
46,"mic_data_extractio_arm_1","mic_data_extraction",7,"Musser",2020,2016,4,"United Kingdom Of Great Britain And Northern Ireland (The)",1,NA,NA,0.016,"GBR","GB",826,"United Kingdom","High income",235,2008,2,2008,2,2008,"2"
47,"mic_data_extractio_arm_1","mic_data_extraction",1,"Nakajima",1979,1970,6,"Japan",2030,NA,NA,0.0125,"JPN","JP",392,"Japan","High income",112,1985,1,1992.5,1,1992,"1"
49,"mic_data_extractio_arm_1","mic_data_extraction",1,"Nakajima",1982,1978,6,"Japan",11,NA,NA,0.0063,"JPN","JP",392,"Japan","High income",112,1985,1,1992.5,1,1992,"1"
49,"mic_data_extractio_arm_1","mic_data_extraction",1,"Nakajima",1982,1978,6,"Japan",55,NA,NA,0.0125,"JPN","JP",392,"Japan","High income",112,1985,1,1992.5,1,1992,"1"
49,"mic_data_extractio_arm_1","mic_data_extraction",1,"Nakajima",1982,1978,6,"Japan",1,NA,NA,0.05,"JPN","JP",392,"Japan","High income",112,1985,1,1992.5,1,1992,"1"
48,"mic_data_extractio_arm_1","mic_data_extraction",1,"Nakajima",1983,1981,6,"Japan",349,NA,NA,0.0063,"JPN","JP",392,"Japan","High income",112,1985,1,1992.5,1,1992,"1"
48,"mic_data_extractio_arm_1","mic_data_extraction",1,"Nakajima",1983,1981,6,"Japan",123,NA,NA,0.0125,"JPN","JP",392,"Japan","High income",112,1985,1,1992.5,1,1992,"1"
48,"mic_data_extractio_arm_1","mic_data_extraction",1,"Nakajima",1983,1981,6,"Japan",16,NA,NA,0.025,"JPN","JP",392,"Japan","High income",112,1985,1,1992.5,1,1992,"1"
48,"mic_data_extractio_arm_1","mic_data_extraction",1,"Nakajima",1983,1981,6,"Japan",9,NA,NA,0.05,"JPN","JP",392,"Japan","High income",112,1985,1,1992.5,1,1992,"1"
60,"mic_data_extractio_arm_1","mic_data_extraction",1,"Sakata",2013,2008,6,"Japan",7,NA,NA,0.008,"JPN","JP",392,"Japan","High income",112,1985,2,1992.5,2,1992,"2"
60,"mic_data_extractio_arm_1","mic_data_extraction",1,"Sakata",2013,2008,6,"Japan",5,NA,NA,0.015,"JPN","JP",392,"Japan","High income",112,1985,2,1992.5,2,1992,"2"
66,"mic_data_extractio_arm_1","mic_data_extraction",1,"Smeesters",2010,2004,2,"Brazil",124,NA,NA,0.004,"BRA","BR",76,"Brazil","Upper middle income",32,2004,1,2002,2,2003,"2"
66,"mic_data_extractio_arm_1","mic_data_extraction",1,"Smeesters",2010,2004,2,"Brazil",2,NA,NA,0.008,"BRA","BR",76,"Brazil","Upper middle income",32,2004,1,2002,2,2003,"2"
66,"mic_data_extractio_arm_1","mic_data_extraction",1,"Smeesters",2010,2004,2,"Brazil",1,NA,NA,0.016,"BRA","BR",76,"Brazil","Upper middle income",32,2004,1,2002,2,2003,"2"
66,"mic_data_extractio_arm_1","mic_data_extraction",1,"Smeesters",2010,2004,2,"Brazil",1,NA,NA,0.032,"BRA","BR",76,"Brazil","Upper middle income",32,2004,1,2002,2,2003,"2"
66,"mic_data_extractio_arm_1","mic_data_extraction",1,"Smeesters",2010,2004,2,"Brazil",2,NA,NA,0.012,"BRA","BR",76,"Brazil","Upper middle income",32,2004,1,2002,2,2003,"2"
67,"mic_data_extractio_arm_1","mic_data_extraction",1,"Southon",2020,1999,4,"Iceland",3,NA,NA,0.012,"ISL","IS",352,"Iceland","High income",102,2004,1,2004,1,2004,"1"
67,"mic_data_extractio_arm_1","mic_data_extraction",1,"Southon",2020,2000,4,"Iceland",1,NA,NA,0.016,"ISL","IS",352,"Iceland","High income",102,2004,1,2004,1,2004,"1"
67,"mic_data_extractio_arm_1","mic_data_extraction",1,"Southon",2020,2001,4,"Iceland",1,NA,NA,0.012,"ISL","IS",352,"Iceland","High income",102,2004,1,2004,1,2004,"1"
67,"mic_data_extractio_arm_1","mic_data_extraction",1,"Southon",2020,2002,4,"Iceland",5,NA,NA,0.023,"ISL","IS",352,"Iceland","High income",102,2004,1,2004,1,2004,"1"
67,"mic_data_extractio_arm_1","mic_data_extraction",1,"Southon",2020,2007,4,"Iceland",1,NA,NA,0.012,"ISL","IS",352,"Iceland","High income",102,2004,2,2004,2,2004,"2"
67,"mic_data_extractio_arm_1","mic_data_extraction",1,"Southon",2020,2008,4,"Iceland",2,NA,NA,0.012,"ISL","IS",352,"Iceland","High income",102,2004,2,2004,2,2004,"2"
67,"mic_data_extractio_arm_1","mic_data_extraction",1,"Southon",2020,2009,4,"Iceland",2,NA,NA,0.016,"ISL","IS",352,"Iceland","High income",102,2004,2,2004,2,2004,"2"
68,"mic_data_extractio_arm_1","mic_data_extraction",1,"Soyletir",2016,2012,4,"Turkiye",1,NA,NA,0.002,"TUR","TR",792,"Türkiye","Upper middle income",228,2012,1,2006,2,2009,"2"
68,"mic_data_extractio_arm_1","mic_data_extraction",1,"Soyletir",2016,2012,4,"Turkiye",3,NA,NA,0.004,"TUR","TR",792,"Türkiye","Upper middle income",228,2012,1,2006,2,2009,"2"
68,"mic_data_extractio_arm_1","mic_data_extraction",1,"Soyletir",2016,2012,4,"Turkiye",12,NA,NA,0.008,"TUR","TR",792,"Türkiye","Upper middle income",228,2012,1,2006,2,2009,"2"
68,"mic_data_extractio_arm_1","mic_data_extraction",1,"Soyletir",2016,2012,4,"Turkiye",97,NA,NA,0.015,"TUR","TR",792,"Türkiye","Upper middle income",228,2012,1,2006,2,2009,"2"
68,"mic_data_extractio_arm_1","mic_data_extraction",1,"Soyletir",2016,2012,4,"Turkiye",95,NA,NA,0.03,"TUR","TR",792,"Türkiye","Upper middle income",228,2012,1,2006,2,2009,"2"
68,"mic_data_extractio_arm_1","mic_data_extraction",1,"Soyletir",2016,2012,4,"Turkiye",7,NA,NA,0.06,"TUR","TR",792,"Türkiye","Upper middle income",228,2012,1,2006,2,2009,"2"
68,"mic_data_extractio_arm_1","mic_data_extraction",1,"Soyletir",2016,2012,4,"Turkiye",7,NA,NA,0.12,"TUR","TR",792,"Türkiye","Upper middle income",228,2012,1,2006,2,2009,"2"
70,"mic_data_extractio_arm_1","mic_data_extraction",1,"Stillerman",1970,1967,2,"United States Of America (The)",29,NA,NA,0.005,"USA","US",840,"United States","High income",236,2001.5,1,1992,1,1996,"1"
70,"mic_data_extractio_arm_1","mic_data_extraction",1,"Stillerman",1970,1967,2,"United States Of America (The)",64,NA,NA,0.01,"USA","US",840,"United States","High income",236,2001.5,1,1992,1,1996,"1"
70,"mic_data_extractio_arm_1","mic_data_extraction",1,"Stillerman",1970,1967,2,"United States Of America (The)",5,NA,NA,0.02,"USA","US",840,"United States","High income",236,2001.5,1,1992,1,1996,"1"
71,"mic_data_extractio_arm_1","mic_data_extraction",1,"Stillerman",1973,1971,2,"United States Of America (The)",41,NA,NA,0.004,"USA","US",840,"United States","High income",236,2001.5,1,1992,1,1996,"1"
71,"mic_data_extractio_arm_1","mic_data_extraction",1,"Stillerman",1973,1971,2,"United States Of America (The)",40,NA,NA,0.008,"USA","US",840,"United States","High income",236,2001.5,1,1992,1,1996,"1"
71,"mic_data_extractio_arm_1","mic_data_extraction",1,"Stillerman",1973,1971,2,"United States Of America (The)",18,NA,NA,0.016,"USA","US",840,"United States","High income",236,2001.5,1,1992,1,1996,"1"
71,"mic_data_extractio_arm_1","mic_data_extraction",1,"Stillerman",1973,1971,2,"United States Of America (The)",4,NA,NA,0.032,"USA","US",840,"United States","High income",236,2001.5,1,1992,1,1996,"1"
74,"mic_data_extractio_arm_1","mic_data_extraction",1,"Tappe",2011,2010,4,"Germany",1,NA,NA,0.015,"DEU","DE",276,"Germany","High income",83,2000,2,1997,2,1998,"2"
77,"mic_data_extractio_arm_1","mic_data_extraction",1,"Torumkuney",2016,2013,5,"India",42,NA,NA,0.015,"IND","IN",356,"India","Lower middle income",103,2013,1,2013,1,2013,"1"
77,"mic_data_extractio_arm_1","mic_data_extraction",1,"Torumkuney",2016,2013,5,"India",34,NA,NA,0.03,"IND","IN",356,"India","Lower middle income",103,2013,1,2013,1,2013,"1"
77,"mic_data_extractio_arm_1","mic_data_extraction",1,"Torumkuney",2016,2013,5,"India",2,NA,NA,0.12,"IND","IN",356,"India","Lower middle income",103,2013,1,2013,1,2013,"1"
79,"mic_data_extractio_arm_1","mic_data_extraction",1,"Vannice",2020,2017,2,"United States Of America (The)",4,NA,NA,0.012,"USA","US",840,"United States","High income",236,2001.5,2,1992,2,1996,"2"
79,"mic_data_extractio_arm_1","mic_data_extraction",1,"Vannice",2020,2017,2,"United States Of America (The)",1,NA,NA,0.008,"USA","US",840,"United States","High income",236,2001.5,2,1992,2,1996,"2"
80,"mic_data_extractio_arm_1","mic_data_extraction",1,"Varaldo",1999,1997,4,"Italy",917,NA,NA,0.03,"ITA","IT",380,"Italy","High income",110,1997,1,1998.5,1,1997,"1"
80,"mic_data_extractio_arm_1","mic_data_extraction",1,"Varaldo",1999,1997,4,"Italy",11,NA,NA,0.06,"ITA","IT",380,"Italy","High income",110,1997,1,1998.5,1,1997,"1"
80,"mic_data_extractio_arm_1","mic_data_extraction",1,"Varaldo",1999,1997,4,"Italy",6,NA,NA,0.12,"ITA","IT",380,"Italy","High income",110,1997,1,1998.5,1,1997,"1"
