"record_id","redcap_repeat_instance","author","pub_yr","isolate_yr","who","country","alpha_3_code","count","mic50_1","mic90_1","micnos_1","mic90nos","micnos_q90","mic_90_agg"
3,1,"Bandak",2000,1999,4,"France","FRA",185,0.015,0.015,NA,0.015,NA,0.015
3,NA,"Bandak",2000,1999,4,"Italy","ITA",290,0.015,0.015,NA,0.015,NA,0.015
3,NA,"Bandak",2000,1999,4,"Spain","ESP",199,0.015,0.015,NA,0.015,NA,0.015
3,NA,"Bandak",2000,1999,4,"Sweden","SWE",190,0.015,0.015,NA,0.015,NA,0.015
3,NA,"Bandak",2000,1999,4,"Turkiye",NA,186,0.015,0.015,NA,0.015,NA,0.015
4,1,"Beekmann",2005,2003,4,"United Kingdom Of Great Britain And Northern Ireland (The)",NA,226,NA,0.015,NA,0.015,NA,0.015
4,NA,"Beekmann",2005,2003,4,"Norway","NOR",98,NA,0.015,NA,0.015,NA,0.015
4,NA,"Beekmann",2005,2003,4,"Sweden","SWE",189,NA,0.015,NA,0.015,NA,0.015
4,NA,"Beekmann",2005,2003,4,"Denmark","DNK",54,NA,0.015,NA,0.015,NA,0.015
4,NA,"Beekmann",2005,2003,4,"Finland","FIN",23,NA,0.015,NA,0.015,NA,0.015
4,NA,"Beekmann",2005,2003,4,"Germany","DEU",157,NA,0.015,NA,0.015,NA,0.015
4,NA,"Beekmann",2005,2003,4,"Netherlands (Kingdom Of The)",NA,142,NA,0.015,NA,0.015,NA,0.015
4,2,"Beekmann",2005,2003,4,"Switzerland","CHE",7,NA,0.015,NA,0.015,NA,0.015
4,NA,"Beekmann",2005,2003,4,"France","FRA",101,NA,0.015,NA,0.015,NA,0.015
4,NA,"Beekmann",2005,2003,4,"Spain","ESP",229,NA,0.015,NA,0.015,NA,0.015
4,NA,"Beekmann",2005,2003,4,"Poland","POL",95,NA,0.015,NA,0.015,NA,0.015
4,NA,"Beekmann",2005,2003,4,"Slovakia","SVK",97,NA,0.015,NA,0.015,NA,0.015
4,NA,"Beekmann",2005,2003,4,"Hungary","HUN",315,NA,0.015,NA,0.015,NA,0.015
4,NA,"Beekmann",2005,2003,4,"Croatia","HRV",94,NA,0.015,NA,0.015,NA,0.015
4,3,"Beekmann",2005,2003,4,"Slovenia","SVN",99,NA,0.015,NA,0.015,NA,0.015
4,NA,"Beekmann",2005,2003,4,"Italy","ITA",246,NA,0.015,NA,0.015,NA,0.015
4,NA,"Beekmann",2005,2003,4,"Greece","GRC",55,NA,0.015,NA,0.015,NA,0.015
4,NA,"Beekmann",2005,2003,6,"Hong Kong","HKG",26,NA,0.015,NA,0.015,NA,0.015
4,NA,"Beekmann",2005,2003,6,"Singapore","SGP",63,NA,0.015,NA,0.015,NA,0.015
4,NA,"Beekmann",2005,2003,1,"South Africa","ZAF",170,NA,0.015,NA,0.015,NA,0.015
6,1,"Berger-Jekic",1997,1987,4,"Serbia","SRB",1879,0.015,0.03,NA,0.03,NA,0.03
7,1,"Betriu",2000,2000,4,"Spain","ESP",117,0.008,0.01,NA,0.01,NA,0.01
8,1,"Blondeau",1999,1996,2,"Canada","CAN",1003,0.016,0.023,NA,0.023,NA,0.023
9,1,"Buxbaum",2004,1996,4,"Austria","AUT",64,0.01,0.03,NA,0.03,NA,0.03
9,NA,"Buxbaum",2004,1998,4,"Austria","AUT",62,0.01,0.03,NA,0.03,NA,0.03
9,NA,"Buxbaum",2004,2000,4,"Austria","AUT",150,0.01,0.03,NA,0.03,NA,0.03
9,NA,"Buxbaum",2004,2002,4,"Austria","AUT",223,0.01,0.03,NA,0.03,NA,0.03
10,1,"Buxbaum",2003,2001,4,"Austria","AUT",223,0.015,0.03,NA,0.03,NA,0.03
11,1,"Calvo",2003,1999,4,"Spain","ESP",210,0.06,0.06,NA,0.06,NA,0.06
12,1,"Campbell",1996,1994,2,"United States Of America (The)",NA,4,NA,0.008,NA,0.008,NA,0.008
15,1,"Chazan",2015,2011,4,"Israel","ISR",208,NA,0.09,NA,0.09,NA,0.09
15,NA,"Chazan",2015,2011,4,"Israel","ISR",92,NA,0.01,NA,0.01,NA,0.01
17,1,"Coonan",1994,1990,2,"United States Of America (The)",NA,282,0.006,0.012,NA,0.012,NA,0.012
17,NA,"Coonan",1994,1990,2,"United States Of America (The)",NA,43,0.0078,0.0078,NA,0.0078,NA,0.0078
18,1,"de Almeida Torres",2011,2001,2,"Brazil","BRA",1112,0.015,0.03,NA,0.03,NA,0.03
19,1,"d'Humières",2012,2010,4,"France","FRA",9,0.008,0.008,NA,0.008,NA,0.008
19,NA,"d'Humières",2012,2010,4,"France","FRA",10,0.006,0.008,NA,0.008,NA,0.008
20,1,"Dohar",2004,2001,NA,"Multiple",NA,39,0.008,0.008,NA,0.008,NA,0.008
21,1,"Felmingham",2004,1999,NA,"Multiple",NA,640,0.008,0.008,NA,0.008,NA,0.008
22,1,"Forsgren",1994,1986,4,"Sweden","SWE",100,0.015,0.015,NA,0.015,NA,0.015
23,1,"Gattringer",2004,2000,4,"Austria","AUT",150,0.015,0.03,NA,0.03,NA,0.03
23,NA,"Gattringer",2004,2000,4,"Hungary","HUN",191,0.015,0.03,NA,0.03,NA,0.03
24,1,"Gene",1998,1997,4,"Spain","ESP",100,0.012,0.016,NA,0.016,NA,0.016
27,1,"Ikebe",2015,2011,6,"Japan","JPN",249,0.008,0.008,NA,0.008,NA,0.008
29,1,"Inoue",2005,1999,6,"Japan","JPN",120,NA,0.008,NA,0.008,NA,0.008
30,1,"Inoue",2006,2000,6,"Japan","JPN",161,0.008,0.008,NA,0.008,NA,0.008
30,NA,"Inoue",2006,2001,6,"Japan","JPN",182,0.008,0.008,NA,0.008,NA,0.008
31,1,"Kaplan",1999,1995,2,"United States Of America (The)",NA,301,NA,0.016,NA,0.016,NA,0.016
33,1,"King",2001,1995,4,"United Kingdom Of Great Britain And Northern Ireland (The)",NA,50,0.008,0.016,NA,0.016,NA,0.016
34,1,"Koeth",2004,2000,4,"Italy","ITA",64,0.015,0.015,NA,0.015,NA,0.015
34,NA,"Koeth",2004,2000,4,"Spain","ESP",47,0.015,0.015,NA,0.015,NA,0.015
34,NA,"Koeth",2004,2000,4,"Belgium","BEL",50,0.015,0.015,NA,0.015,NA,0.015
34,NA,"Koeth",2004,2000,4,"France","FRA",51,0.015,0.015,NA,0.015,NA,0.015
34,NA,"Koeth",2004,2000,2,"Mexico","MEX",47,0.015,0.015,NA,0.015,NA,0.015
34,NA,"Koeth",2004,2000,4,"Germany","DEU",50,0.015,0.015,NA,0.015,NA,0.015
34,NA,"Koeth",2004,2000,4,"Sweden","SWE",47,0.015,0.015,NA,0.015,NA,0.015
34,2,"Koeth",2004,2000,2,"United States Of America (The)",NA,135,0.015,0.015,NA,0.015,NA,0.015
34,NA,"Koeth",2004,2000,6,"Australia","AUS",53,0.015,0.015,NA,0.015,NA,0.015
34,NA,"Koeth",2004,2000,2,"Canada","CAN",50,0.015,0.015,NA,0.015,NA,0.015
34,NA,"Koeth",2004,2000,4,"Netherlands (Kingdom Of The)",NA,49,0.015,0.015,NA,0.015,NA,0.015
36,1,"Lehtonen",1993,1993,4,"Finland","FIN",151,0.016,0.03,NA,0.03,NA,0.03
37,1,"Limia",1998,1994,4,"Spain","ESP",70,0.008,0.008,NA,0.008,NA,0.008
38,1,"Lopardo",1997,1994,2,"Argentina","ARG",595,0.007,0.03,NA,0.03,NA,0.03
39,1,"Macris",1998,1928,2,"United States Of America (The)",NA,8,NA,0.016,NA,0.016,NA,0.016
39,NA,"Macris",1998,1950,2,"United States Of America (The)",NA,8,NA,0.016,NA,0.016,NA,0.016
39,NA,"Macris",1998,1970,2,"United States Of America (The)",NA,10,NA,0.032,NA,0.032,NA,0.032
39,NA,"Macris",1998,1988,2,"United States Of America (The)",NA,6,NA,0.023,NA,0.023,NA,0.023
39,2,"Macris",1998,1928,2,"United States Of America (The)",NA,21,NA,0.031,NA,0.031,NA,0.031
39,NA,"Macris",1998,1950,2,"United States Of America (The)",NA,29,NA,0.031,NA,0.031,NA,0.031
39,NA,"Macris",1998,1970,2,"United States Of America (The)",NA,24,NA,0.031,NA,0.031,NA,0.031
39,NA,"Macris",1998,1988,2,"United States Of America (The)",NA,59,NA,0.031,NA,0.031,NA,0.031
40,1,"Malhotra-Kumar",2003,2002,4,"Belgium","BEL",16,NA,0.01,NA,0.01,NA,0.01
41,1,"Marchese",2004,2001,4,"Italy","ITA",60,0.015,0.03,NA,0.03,NA,0.03
41,NA,"Marchese",2004,2001,4,"Italy","ITA",40,0.0075,0.0075,NA,0.0075,NA,0.0075
42,1,"Mariani-Kurkdjian",2003,2002,4,"France","FRA",93,0.016,0.016,NA,0.016,NA,0.016
43,1,"Melo-Cristino",1999,1998,4,"Portugal","PRT",302,0.008,0.012,NA,0.012,NA,0.012
44,1,"Melo-Cristino",2001,2000,4,"Portugal","PRT",213,0.012,0.016,NA,0.016,NA,0.016
45,1,"Morosini",2003,2000,4,"Spain","ESP",412,0.01,0.01,NA,0.01,NA,0.01
50,1,"Ndiaye",2009,2007,1,"Senegal","SEN",100,0.016,0.023,NA,0.023,NA,0.023
51,1,"Nunes De Melo",2003,1987,2,"Brazil","BRA",211,0.01,0.01,NA,0.01,NA,0.01
52,1,"Pfaller",1997,1995,2,"United States Of America (The)",NA,12,0.012,0.012,NA,0.012,NA,0.012
53,1,"Pfaller",2020,2017,2,"United States Of America (The)",NA,272,0.008,0.015,NA,0.015,NA,0.015
53,NA,"Pfaller",2020,2017,4,"Unknown",NA,272,0.008,0.015,NA,0.015,NA,0.015
54,1,"Putnam",2000,1995,2,"United States Of America (The)",NA,22,0.016,0.125,NA,0.125,NA,0.125
55,1,"Ranin",1993,1984,4,"Serbia","SRB",1234,0.015,0.03,NA,0.03,NA,0.03
56,1,"Ranin",2004,1995,4,"Serbia","SRB",2169,0.015,0.03,NA,0.03,NA,0.03
58,1,"Richter",2005,2003,2,"United States Of America (The)",NA,1885,0.008,0.015,NA,0.015,NA,0.015
59,1,"Sakata",2008,2006,6,"Japan","JPN",367,NA,0.008,NA,0.008,NA,0.008
61,1,"Sauermann",2003,2000,4,"Germany","DEU",540,0.015,0.03,NA,0.03,NA,0.03
62,1,"Schito",2002,1999,4,"Austria","AUT",137,NA,0.03,NA,0.03,NA,0.03
62,NA,"Schito",2002,1999,4,"Spain","ESP",137,NA,0.06,NA,0.06,NA,0.06
63,1,"Sefton",1996,1996,4,"United Kingdom Of Great Britain And Northern Ireland (The)",NA,40,0.015,0.015,NA,0.015,NA,0.015
64,1,"Shackcloth",2004,2001,4,"United Kingdom Of Great Britain And Northern Ireland (The)",NA,34,0.008,0.008,NA,0.008,NA,0.008
65,1,"Skoczynska",2007,2003,4,"Poland","POL",302,0.0075,0.015,NA,0.015,NA,0.015
69,1,"Stefani",2008,2007,4,"Italy","ITA",252,0.03,0.06,NA,0.06,NA,0.06
72,1,"Syrogiannopoulos",2001,1999,4,"Greece","GRC",274,0.008,0.008,NA,0.008,NA,0.008
73,1,"Szczypa",2006,2001,4,"Poland","POL",41,0.008,0.015,NA,0.015,NA,0.015
75,1,"Tempera",2010,2009,4,"Italy","ITA",225,0.03,0.06,NA,0.06,NA,0.06
78,1,"Traverso",2010,2002,2,"Argentina","ARG",10,NA,0.007,NA,0.007,NA,0.007
81,1,"Villalon",2021,2013,4,"Spain","ESP",1893,NA,0.032,NA,0.032,NA,0.032
82,1,"Villalon",2023,2014,4,"Spain","ESP",1983,0.016,0.023,NA,0.023,NA,0.023
83,1,"Wajima",2014,2012,6,"Japan","JPN",363,0.016,0.016,NA,0.016,NA,0.016
84,1,"Yu",2021,2017,6,"China","CHN",342,0.004,0.008,NA,0.008,NA,0.008
85,1,"Zhou",2013,2009,6,"China","CHN",20,0.015,0.015,NA,0.015,NA,0.015
87,1,"Abraham",2018,2015,5,"India","IND",206,0.016,0.016,NA,0.016,NA,0.016
88,1,"Amabile-Cuevas",2001,2001,2,"Mexico","MEX",197,0.012,0.032,NA,0.032,NA,0.032
93,1,"Bass",1994,1990,6,"Japan","JPN",104,0.015,0.06,NA,0.06,NA,0.06
93,NA,"Bass",1994,1990,6,"Japan","JPN",101,0.03,0.06,NA,0.06,NA,0.06
94,1,"Betlejewska",2002,1999,4,"Poland","POL",50,0.007,0.015,NA,0.015,NA,0.015
97,1,"Chang",2010,2007,6,"China","CHN",94,0.125,0.125,NA,0.125,NA,0.125
122,1,"Hsueh",2004,2002,6,"Taiwan (Province Of China)","TWN",205,0.03,0.03,NA,0.03,NA,0.03
133,1,"Liang",2008,2007,6,"China","CHN",145,0.125,0.125,NA,0.125,NA,0.125
158,1,"Ubukata",2020,2012,6,"Japan","JPN",634,0.016,0.016,NA,0.016,NA,0.016
249,1,"Kohno",2003,1999,NA,"Multiple",NA,1485,0.008,0.008,NA,0.008,NA,0.008
322,1,"Smayevsky",2000,1998,2,"Argentina","ARG",96,0.004,0.008,NA,0.008,NA,0.008
1,NA,NA,NA,2014,3,"Egypt","EGY",60,NA,NA,NA,NA,0.12,0.12
2,NA,NA,NA,2006,NA,"Unknown",NA,10,NA,NA,NA,NA,0.0204,0.0204
5,NA,NA,NA,2006,3,"Morocco","MAR",65,NA,NA,NA,NA,0.032,0.032
13,NA,NA,NA,2000,2,"Argentina","ARG",33,NA,NA,NA,NA,0.008,0.008
13,NA,NA,NA,2000,6,"Australia","AUS",25,NA,NA,NA,NA,0.008,0.008
13,NA,NA,NA,2000,4,"Austria","AUT",25,NA,NA,NA,NA,0.008,0.008
13,NA,NA,NA,2000,4,"Belgium","BEL",19,NA,NA,NA,NA,0.008,0.008
13,NA,NA,NA,2000,2,"Brazil","BRA",145,NA,NA,NA,NA,0.008,0.008
13,NA,NA,NA,2000,2,"Canada","CAN",208,NA,NA,NA,NA,0.008,0.008
13,NA,NA,NA,2000,4,"France","FRA",31,NA,NA,NA,NA,0.008,0.008
13,NA,NA,NA,2000,4,"Germany","DEU",87,NA,NA,NA,NA,0.008,0.008
13,NA,NA,NA,2000,6,"Hong Kong","HKG",25,NA,NA,NA,NA,0.008,0.008
13,NA,NA,NA,2000,4,"Hungary","HUN",28,NA,NA,NA,NA,0.008,0.008
13,NA,NA,NA,2000,5,"Indonesia","IDN",6,NA,NA,NA,NA,0.008,0.008
13,NA,NA,NA,2000,4,"Italy","ITA",49,NA,NA,NA,NA,0.008,0.008
13,NA,NA,NA,2000,6,"Japan","JPN",120,NA,NA,NA,NA,0.008,0.008
13,NA,NA,NA,2000,6,"Korea (The Republic Of)",NA,57,NA,NA,NA,NA,0.008,0.008
13,NA,NA,NA,2000,2,"Mexico","MEX",99,NA,NA,NA,NA,0.008,0.008
13,NA,NA,NA,2000,4,"Netherlands (Kingdom Of The)",NA,13,NA,NA,NA,NA,0.008,0.008
13,NA,NA,NA,2000,4,"Poland","POL",12,NA,NA,NA,NA,0.008,0.008
13,NA,NA,NA,2000,4,"Portugal","PRT",42,NA,NA,NA,NA,0.008,0.008
13,NA,NA,NA,2000,4,"Spain","ESP",52,NA,NA,NA,NA,0.008,0.008
13,NA,NA,NA,2000,4,"Sweden","SWE",25,NA,NA,NA,NA,0.008,0.008
13,NA,NA,NA,2000,4,"Switzerland","CHE",114,NA,NA,NA,NA,0.008,0.008
13,NA,NA,NA,2000,4,"Turkiye",NA,54,NA,NA,NA,NA,0.008,0.008
13,NA,NA,NA,2000,4,"United Kingdom Of Great Britain And Northern Ireland (The)",NA,42,NA,NA,NA,NA,0.008,0.008
13,NA,NA,NA,2000,2,"United States Of America (The)",NA,174,NA,NA,NA,NA,0.008,0.008
14,NA,NA,NA,1993,4,"Italy","ITA",190,NA,NA,NA,NA,0.06,0.06
16,NA,NA,NA,1996,4,"France","FRA",324,NA,NA,NA,NA,0.016,0.016
26,NA,NA,NA,1980,2,"United States Of America (The)",NA,280,NA,NA,NA,NA,0.0125,0.0125
28,NA,NA,NA,2015,6,"Japan","JPN",307,NA,NA,NA,NA,0.016,0.016
32,NA,NA,NA,1977,2,"United States Of America (The)",NA,140,NA,NA,NA,NA,0.016,0.016
35,NA,NA,NA,1996,4,"Austria","AUT",50,NA,NA,NA,NA,0.016,0.016
46,NA,NA,NA,1998,6,"Australia","AUS",1,NA,NA,NA,NA,0.016,0.016
46,NA,NA,NA,1991,2,"Canada","CAN",1,NA,NA,NA,NA,0.012,0.012
46,NA,NA,NA,1995,2,"Canada","CAN",1,NA,NA,NA,NA,0.016,0.016
46,NA,NA,NA,1998,2,"Canada","CAN",3,NA,NA,NA,NA,0.0152,0.0152
46,NA,NA,NA,2002,2,"Canada","CAN",2,NA,NA,NA,NA,0.0156,0.0156
46,NA,NA,NA,2003,2,"Canada","CAN",2,NA,NA,NA,NA,0.016,0.016
46,NA,NA,NA,1997,4,"Canada","CAN",1,NA,NA,NA,NA,0.016,0.016
46,NA,NA,NA,1995,4,"Finland","FIN",1,NA,NA,NA,NA,0.016,0.016
46,NA,NA,NA,1996,4,"Finland","FIN",1,NA,NA,NA,NA,0.012,0.012
46,NA,NA,NA,2000,4,"Finland","FIN",1,NA,NA,NA,NA,0.012,0.012
46,NA,NA,NA,2004,4,"Finland","FIN",1,NA,NA,NA,NA,0.016,0.016
46,NA,NA,NA,2006,4,"Finland","FIN",1,NA,NA,NA,NA,0.012,0.012
46,NA,NA,NA,2008,4,"Finland","FIN",2,NA,NA,NA,NA,0.0223,0.0223
46,NA,NA,NA,2010,4,"Finland","FIN",1,NA,NA,NA,NA,0.012,0.012
46,NA,NA,NA,2011,4,"Finland","FIN",2,NA,NA,NA,NA,0.016,0.016
46,NA,NA,NA,2012,4,"Finland","FIN",2,NA,NA,NA,NA,0.016,0.016
46,NA,NA,NA,2014,4,"Finland","FIN",1,NA,NA,NA,NA,0.016,0.016
46,NA,NA,NA,2015,4,"Finland","FIN",1,NA,NA,NA,NA,0.016,0.016
46,NA,NA,NA,1984,4,"Germany","DEU",1,NA,NA,NA,NA,0.016,0.016
46,NA,NA,NA,2006,4,"Iceland","ISL",1,NA,NA,NA,NA,0.016,0.016
46,NA,NA,NA,1997,4,"Italy","ITA",1,NA,NA,NA,NA,0.012,0.012
46,NA,NA,NA,2004,4,"Norway","NOR",1,NA,NA,NA,NA,0.016,0.016
46,NA,NA,NA,1998,4,"Sweden","SWE",1,NA,NA,NA,NA,0.016,0.016
46,NA,NA,NA,2007,4,"Sweden","SWE",1,NA,NA,NA,NA,0.016,0.016
46,NA,NA,NA,2016,4,"United Kingdom Of Great Britain And Northern Ireland (The)",NA,1,NA,NA,NA,NA,0.016,0.016
46,NA,NA,NA,1996,2,"United States Of America (The)",NA,1,NA,NA,NA,NA,0.012,0.012
46,NA,NA,NA,1998,2,"United States Of America (The)",NA,1,NA,NA,NA,NA,0.016,0.016
46,NA,NA,NA,1999,2,"United States Of America (The)",NA,2,NA,NA,NA,NA,0.016,0.016
46,NA,NA,NA,2000,2,"United States Of America (The)",NA,1,NA,NA,NA,NA,0.016,0.016
46,NA,NA,NA,2003,2,"United States Of America (The)",NA,4,NA,NA,NA,NA,0.016,0.016
46,NA,NA,NA,2005,2,"United States Of America (The)",NA,1,NA,NA,NA,NA,0.016,0.016
46,NA,NA,NA,2006,2,"United States Of America (The)",NA,2,NA,NA,NA,NA,0.0223,0.0223
46,NA,NA,NA,2008,2,"United States Of America (The)",NA,2,NA,NA,NA,NA,0.0223,0.0223
46,NA,NA,NA,2009,2,"United States Of America (The)",NA,1,NA,NA,NA,NA,0.012,0.012
46,NA,NA,NA,2010,2,"United States Of America (The)",NA,3,NA,NA,NA,NA,0.0288,0.0288
46,NA,NA,NA,2012,2,"United States Of America (The)",NA,5,NA,NA,NA,NA,0.0256,0.0256
46,NA,NA,NA,2013,2,"United States Of America (The)",NA,3,NA,NA,NA,NA,0.0288,0.0288
46,NA,NA,NA,2009,4,"United States Of America (The)",NA,1,NA,NA,NA,NA,0.016,0.016
47,NA,NA,NA,1970,6,"Japan","JPN",2030,NA,NA,NA,NA,0.0125,0.0125
48,NA,NA,NA,1981,6,"Japan","JPN",497,NA,NA,NA,NA,0.0125,0.0125
49,NA,NA,NA,1978,6,"Japan","JPN",67,NA,NA,NA,NA,0.0125,0.0125
60,NA,NA,NA,2008,6,"Japan","JPN",12,NA,NA,NA,NA,0.015,0.015
66,NA,NA,NA,2004,2,"Brazil","BRA",130,NA,NA,NA,NA,0.004,0.004
67,NA,NA,NA,1999,4,"Iceland","ISL",3,NA,NA,NA,NA,0.012,0.012
67,NA,NA,NA,2000,4,"Iceland","ISL",1,NA,NA,NA,NA,0.016,0.016
67,NA,NA,NA,2001,4,"Iceland","ISL",1,NA,NA,NA,NA,0.012,0.012
67,NA,NA,NA,2002,4,"Iceland","ISL",5,NA,NA,NA,NA,0.023,0.023
67,NA,NA,NA,2007,4,"Iceland","ISL",1,NA,NA,NA,NA,0.012,0.012
67,NA,NA,NA,2008,4,"Iceland","ISL",2,NA,NA,NA,NA,0.012,0.012
67,NA,NA,NA,2009,4,"Iceland","ISL",2,NA,NA,NA,NA,0.016,0.016
68,NA,NA,NA,2012,4,"Turkiye",NA,222,NA,NA,NA,NA,0.03,0.03
70,NA,NA,NA,1967,2,"United States Of America (The)",NA,98,NA,NA,NA,NA,0.01,0.01
71,NA,NA,NA,1971,2,"United States Of America (The)",NA,103,NA,NA,NA,NA,0.016,0.016
74,NA,NA,NA,2010,4,"Germany","DEU",1,NA,NA,NA,NA,0.015,0.015
77,NA,NA,NA,2013,5,"India","IND",78,NA,NA,NA,NA,0.03,0.03
79,NA,NA,NA,2017,2,"United States Of America (The)",NA,5,NA,NA,NA,NA,0.012,0.012
80,NA,NA,NA,1997,4,"Italy","ITA",934,NA,NA,NA,NA,0.03,0.03
104,NA,NA,NA,1987,2,"United States Of America (The)",NA,20,NA,NA,NA,NA,0.02,0.02
108,NA,NA,NA,1985,6,"Japan","JPN",670,NA,NA,NA,NA,0.016,0.016
239,NA,NA,NA,1993,4,"Greece","GRC",49,NA,NA,NA,NA,0.004,0.004
